length,id
274,89
317,87
251,88
297,86
131,90
181,92
53,91
47,93
177,270
288,147
275,145
50,151
262,149
35,150
114,1895
173,2304
26,191
35,190
70,159
100,1
,3
216,131
26,181
227,12
116,906
45,163
268,907
160,130
185,1776
51,162
239,488
67,161
39,160
114,8
66,2
108,4
46,5
,6
22,30
,9
54,10
55,11
60,14
106,1896
51,16
108,17
57,19
127,18
267,21
312,164
139,13
155,1660
206,23
150,25
302,156
329,95
106,29
225,33
230,34
237,35
140,1093
114,1897
141,41
280,157
148,487
89,39
196,40
271,38
61,3822
154,26
171,36
318,165
105,1898
225,271
59,50
133,45
191,1097
210,47
159,55
172,48
281,27
211,170
56,54
237,273
331,96
177,44
113,49
62,176
309,51
44,177
32,178
197,272
26,308
25,4224
161,103
171,171
34,104
181,63
219,64
162,102
42,3823
30,106
221,274
212,202
90,22
260,65
145,56
161,58
220,62
57,101
33,100
55,99
40,98
51,107
205,108
157,105
217,109
54,229
54,61
54,307
155,69
114,66
187,67
187,68
173,1098
203,70
182,110
319,76
194,72
179,71
320,153
254,166
284,167
220,73
156,74
210,75
183,532
32,245
62,4511
147,28
208,112
213,111
230,172
114,1899
286,85
263,81
257,94
145,1099
162,79
140,80
174,78
205,83
203,82
30,115
49,114
45,128
65,118
32,117
64,116
122,124
37,123
32,122
96,121
36,120
31,119
315,152
134,113
269,132
262,133
294,168
222,77
187,129
130,126
320,134
195,125
25,84
282,169
252,173
216,174
140,57
149,175
28,180
22,186
183,337
62,179
214,182
396,640
22,187
22,188
331,196
243,189
173,185
174,184
171,209
168,233
227,195
171,210
161,211
196,277
75,217
276,97
141,232
52,158
288,234
43,367
232,275
309,276
223,278
326,279
412,283
318,199
278,200
333,198
327,284
196,285
205,286
341,289
337,290
225,291
42,3824
42,3825
264,280
215,203
261,204
243,205
350,206
212,208
389,201
267,216
265,212
278,207
262,213
264,214
261,215
221,287
215,219
248,220
215,218
189,221
262,223
276,281
231,288
227,222
193,231
259,224
263,228
260,227
258,225
350,292
181,309
253,293
194,333
24,351
26,343
435,230
284,282
173,335
267,298
197,299
253,300
195,313
154,301
171,1094
198,295
269,296
267,297
193,302
143,155
195,311
177,303
152,568
48,344
230,235
259,226
267,243
258,237
345,32
362,42
362,46
269,236
162,239
103,240
265,244
201,294
194,127
195,304
249,310
195,312
350,197
170,305
235,908
68,246
73,247
392,242
213,241
212,238
169,249
188,250
484,251
122,252
276,254
170,255
187,253
176,256
244,258
260,259
196,269
239,248
170,260
199,261
187,262
224,263
192,664
80,264
175,265
237,266
213,267
234,315
199,268
242,316
268,2474
316,317
178,318
131,331
294,476
244,319
234,321
195,320
195,329
281,325
281,324
282,323
281,326
283,322
153,338
195,330
210,332
226,490
232,336
105,1900
26,366
178,620
191,3015
169,4484
180,339
213,340
216,341
208,345
209,346
194,347
193,348
153,349
228,350
278,355
174,352
212,353
281,354
281,356
240,357
173,359
233,486
240,358
285,360
291,361
158,362
244,363
265,493
241,334
118,494
304,535
278,491
218,529
220,542
218,536
228,543
302,533
234,910
241,1414
50,342
175,368
197,369
125,375
288,370
169,371
288,372
288,373
288,374
304,376
236,410
102,377
158,1779
175,411
244,412
219,666
209,328
172,414
158,425
237,413
269,415
269,416
269,417
173,418
252,419
163,420
125,421
162,422
182,423
200,424
215,911
190,426
243,429
143,1416
99,552
131,569
199,436
93,437
247,427
214,430
203,431
83,432
277,433
114,1901
224,435
229,667
248,459
281,464
205,461
235,462
205,463
273,465
203,539
197,154
245,1415
273,466
549,438
549,439
223,440
148,441
206,442
206,443
166,444
98,445
155,1411
178,452
81,449
179,453
119,454
230,643
108,448
193,456
136,451
208,455
147,450
303,475
309,474
332,467
22,644
210,468
258,1661
203,469
317,470
404,472
187,912
211,527
364,477
242,692
219,478
301,480
299,481
298,482
162,483
67,484
356,485
364,473
334,1096
172,528
220,492
262,541
196,544
229,545
228,531
153,556
297,913
249,547
54,4480
241,548
229,546
239,549
229,550
267,306
249,641
191,645
180,1095
179,1777
176,648
408,650
224,649
226,653
191,651
264,652
120,693
33,685
156,1778
106,575
354,642
335,551
225,553
256,554
212,557
217,560
216,559
213,434
225,447
215,654
359,558
211,668
324,669
148,1133
196,681
134,1135
180,706
189,656
170,562
127,1134
225,567
216,570
216,572
213,571
228,573
225,655
165,574
234,457
193,460
188,564
211,566
214,43
211,458
142,1100
105,1902
276,793
68,1423
206,576
238,577
310,578
309,579
251,580
220,587
224,583
175,581
138,1137
322,586
139,585
194,589
257,183
189,588
182,582
152,917
231,657
98,4555
194,591
194,592
194,593
194,594
194,595
194,590
319,596
131,555
184,597
289,915
145,598
147,599
185,600
158,1138
209,565
185,1139
352,603
324,659
268,605
210,606
357,616
191,608
148,609
145,610
186,611
96,612
148,613
208,614
265,615
247,617
51,1424
158,621
226,618
148,619
354,607
140,670
237,647
264,623
260,622
241,626
237,625
292,658
260,624
268,627
192,628
258,630
180,629
161,661
256,631
258,632
259,633
164,662
128,673
151,674
314,634
326,635
191,636
261,637
234,671
210,639
227,672
184,37
181,638
239,663
316,675
230,665
156,677
350,678
242,682
150,695
491,914
641,676
430,916
208,918
185,1140
223,1141
573,1412
541,1413
266,1417
249,1420
158,1662
159,2067
28,1418
274,686
151,1782
319,687
148,700
246,680
183,1144
279,15
244,683
353,684
254,690
109,699
241,689
260,745
73,708
89,725
221,1780
83,740
162,935
213,691
271,694
196,919
204,1663
266,1142
158,1783
203,31
159,1781
154,1429
229,1419
133,1430
108,1431
171,1784
69,1432
230,1433
196,1786
258,1785
148,1787
140,1788
114,1903
187,2081
224,1143
208,920
220,679
208,584
42,921
238,922
254,909
147,926
30,932
51,931
65,930
30,929
50,928
64,927
196,1145
173,1148
174,1152
130,1421
143,1664
229,1434
429,768
103,1665
134,2929
105,1904
109,3496
218,604
248,696
275,660
130,730
226,697
242,698
292,701
249,703
136,735
287,2499
175,702
196,1146
297,704
250,749
172,1149
135,923
215,753
202,1958
235,712
429,705
123,924
254,707
212,709
196,710
334,711
215,715
204,530
211,1150
203,534
269,716
255,717
60,752
44,751
32,750
217,713
91,925
214,718
281,720
232,726
205,721
260,688
363,724
217,731
240,723
238,489
218,728
260,479
280,727
211,1151
243,722
215,754
288,719
168,732
231,1153
179,734
259,733
333,2033
355,741
127,742
161,934
163,746
249,747
338,2032
329,748
328,736
170,945
120,2340
209,947
229,874
293,946
97,949
314,951
237,1154
185,1160
167,1161
167,1164
166,1165
421,1167
159,1169
254,1168
224,1171
230,1427
246,1205
193,933
196,876
291,868
299,936
406,975
133,943
161,979
236,1155
210,950
171,1162
167,1166
222,976
132,952
200,964
159,1170
268,1428
230,1172
132,1992
192,2945
215,756
256,869
253,870
99,872
142,873
306,851
272,878
152,879
184,887
235,886
232,885
246,904
177,890
245,903
415,905
337,953
33,965
223,977
215,757
253,871
151,875
224,880
227,888
140,938
246,944
223,966
171,1156
161,1163
230,1206
181,980
149,954
229,1218
229,1435
361,1789
282,1510
201,2056
215,758
224,881
111,939
220,889
96,955
227,561
236,981
178,982
112,984
246,986
305,987
182,601
156,990
224,1157
114,1219
229,1436
161,1207
409,767
215,759
286,602
213,877
138,882
22,940
149,956
164,967
432,983
172,985
251,988
227,1158
173,991
156,1208
548,1220
202,1667
157,1437
229,1670
215,760
81,883
130,942
109,1147
345,1438
311,941
184,957
200,968
214,537
150,1790
157,2085
264,1221
165,1159
280,1792
304,1671
146,1209
115,1669
455,1794
307,1793
215,761
129,884
158,958
535,969
218,538
296,1222
121,1210
132,1440
161,1441
104,1426
320,1672
219,1673
215,1674
156,1675
195,1676
349,1677
108,3609
151,762
96,763
225,744
222,764
243,1439
274,770
189,766
257,428
239,769
174,771
86,773
166,774
236,1211
236,780
433,782
108,970
281,784
204,776
401,743
82,765
140,848
239,1795
202,540
237,772
249,783
240,1212
281,785
283,789
238,959
179,788
176,971
193,2553
264,790
188,1442
132,777
134,2927
348,1678
220,257
276,646
249,794
219,795
351,797
182,778
281,786
190,791
291,792
188,796
154,798
153,799
37,801
181,804
181,807
60,805
363,972
246,2078
272,1213
281,787
206,800
115,802
88,806
198,808
103,847
863,849
249,1796
257,852
133,853
269,850
247,1223
90,961
284,142
259,729
63,803
254,809
186,854
656,856
231,714
381,810
190,813
339,814
460,973
290,446
211,994
159,1225
180,2124
215,855
219,857
275,858
191,859
305,861
222,862
261,863
217,864
337,962
158,948
154,563
160,865
184,995
200,1214
133,1226
345,1905
231,811
184,812
349,860
368,867
205,974
372,963
185,781
143,996
1016,998
216,1240
151,1215
157,1227
156,1136
290,1444
225,1230
262,960
172,1016
146,1018
248,1017
144,992
171,999
371,1006
95,1012
111,1013
356,1015
241,1025
269,1027
92,1028
220,1030
116,1216
219,1228
252,1231
166,1241
133,1224
50,1911
206,1000
256,1007
53,4309
321,1026
219,1014
161,1031
231,1242
99,993
112,1244
227,1217
202,1229
225,1232
357,1679
47,1251
186,1252
183,1445
349,1682
202,1680
50,1912
151,1008
151,1046
133,1047
155,775
251,1019
298,1032
112,1034
205,1051
177,1040
108,1043
174,1044
133,1082
194,1233
59,1074
177,779
169,1090
253,1245
199,1069
176,1906
182,1243
112,1071
235,1001
214,1009
173,2350
146,1020
205,1052
109,1029
209,1045
70,1070
153,1041
205,1246
250,1048
169,1091
210,1234
136,1033
407,1072
140,1035
204,1075
133,1083
157,1253
190,1257
157,1993
232,1002
182,1010
212,1021
150,1036
109,1092
146,1254
250,1049
133,1084
222,1053
171,1235
838,1073
179,1042
194,1076
139,1247
290,1446
166,1907
286,1684
236,1003
192,1011
327,1022
109,1037
302,1050
222,1054
133,1085
176,1077
216,1236
219,1248
170,1448
316,1255
302,1453
144,1455
240,937
165,1908
220,1458
174,2306
133,1086
292,1005
805,1258
196,1023
115,1004
172,1447
164,1055
173,1078
133,1038
171,1449
291,1454
274,1237
166,1249
126,1256
235,1456
172,1457
269,1459
166,1909
120,2006
133,1087
212,1238
117,1024
164,1056
317,1264
133,1039
337,1250
204,1079
306,1259
185,1261
120,1263
175,1450
623,1461
349,1683
166,1910
163,1886
166,1058
171,1089
891,989
166,1057
315,1265
194,1080
133,1088
167,1239
201,1260
290,1468
193,1262
167,1451
130,1460
538,1464
181,1467
193,1443
198,1913
173,1081
304,1452
291,1281
99,1266
162,1270
315,1285
240,1271
146,1272
238,1276
228,1462
297,1278
428,1681
140,1685
143,1687
108,1915
167,1916
159,1059
239,1268
539,1463
190,1470
243,1267
55,1273
280,1277
613,1469
427,1482
298,2034
191,1279
238,1484
186,1282
234,1286
159,1688
143,2007
159,1060
189,1274
153,1686
201,1280
1130,1283
949,1287
145,1289
144,1292
193,1471
144,1917
245,1487
191,1486
210,1061
239,1269
463,1275
220,1284
148,1288
538,1465
683,1472
132,1290
185,1293
261,1485
181,1691
129,1396
151,1488
309,1690
196,1920
210,1062
197,1291
193,1294
264,1295
105,1296
181,1298
193,1301
170,1297
214,1302
256,1306
538,1466
146,1473
124,1490
185,1692
114,1475
172,1489
148,1693
157,1494
228,1496
182,1063
228,1474
188,1299
418,1476
181,1307
166,1493
186,1308
247,1303
130,1491
150,1694
253,1914
232,1497
124,1498
301,471
202,1918
167,1921
337,1959
255,1971
182,1064
146,1300
224,1304
198,1309
157,1315
292,1316
236,1310
146,1311
256,1312
224,1313
199,1314
278,1318
76,1319
130,1320
209,1495
159,1477
176,1919
275,1696
187,1922
158,2838
162,1065
145,1704
315,1305
292,1317
1013,1321
188,1697
202,1698
151,1700
197,1923
262,737
175,1702
140,1478
245,1924
267,1699
255,1961
205,1980
162,1066
214,1322
373,1324
214,1325
226,1326
203,1327
159,1328
48,1329
77,1330
276,1479
45,1332
125,1333
73,1334
108,1335
151,1701
168,1340
191,1346
184,1337
56,2694
177,1341
220,1343
196,1344
169,1067
267,1323
193,1338
196,1342
165,1345
266,1347
342,1348
361,738
759,1499
213,1703
324,1480
243,1797
289,1798
192,2556
169,1068
438,20
150,1359
153,1360
289,1349
1042,997
653,1350
258,1352
258,1354
210,1353
249,1361
303,1339
123,1351
280,1336
258,1355
74,1362
113,1481
235,1501
375,1500
182,1503
192,1505
280,739
180,1492
116,1502
307,1706
318,1705
161,1708
166,1799
112,3700
183,1925
127,1392
218,1356
244,1398
218,1363
196,1367
236,1373
251,1374
179,1380
166,1709
289,2475
95,1389
551,1391
270,1801
164,1395
149,1506
180,1385
174,1399
212,1388
188,1357
185,1507
185,1393
213,1364
256,1368
198,1375
179,1381
391,1384
108,1390
307,1394
129,1400
60,1403
174,1405
193,1407
144,1710
217,1707
208,1711
234,1712
154,1714
150,1715
179,1358
245,1365
239,1369
262,1376
100,1382
177,1397
242,1401
60,1404
198,1408
155,1406
153,1713
150,1716
142,1802
225,1926
189,1383
206,1717
269,1960
233,1962
265,1972
262,1409
186,1366
178,1370
132,1377
244,1402
722,1508
394,1695
255,1718
1450,1719
320,2035
150,1803
286,1723
180,1729
257,1371
211,1378
288,1529
131,1410
181,1504
193,1512
123,1513
153,1515
132,1516
218,1517
131,1519
270,1520
232,1522
272,1527
523,1528
165,2330
258,1530
183,1804
154,1372
231,1525
452,1379
228,1509
165,1531
180,1730
131,1518
232,1521
1451,1720
230,1523
300,1514
227,1532
275,1511
348,2037
238,2038
151,1544
539,1545
187,1524
259,1533
1455,1721
187,1387
123,1535
176,1422
173,1536
132,1537
228,1538
131,1539
247,1541
343,1732
398,1543
174,1540
332,1965
111,1806
317,1727
252,1542
111,1807
194,1731
200,1386
206,1927
460,1689
268,1963
269,1966
134,2930
270,1967
192,2946
260,2057
193,1534
232,1550
232,1551
417,1553
223,1805
320,1726
156,1555
188,1733
151,1808
161,1526
228,1546
146,1548
235,2039
246,1810
178,1809
215,1811
152,1816
239,1813
221,1549
164,1564
564,1552
122,1547
307,1728
378,1734
244,1735
114,1738
308,1739
357,1722
323,1745
214,1746
211,1812
143,1744
248,1814
205,1929
247,1736
250,1740
348,1725
174,1815
177,1817
216,1928
265,1554
186,1930
202,978
197,1964
137,1820
229,1973
337,1974
342,2476
172,1976
451,2036
174,3049
69,1566
151,1639
309,1556
231,1557
291,1558
324,1559
260,1560
245,1563
196,1565
384,1567
174,1568
142,1569
290,1579
102,1425
241,1581
258,1582
248,1584
247,1741
224,1561
661,1570
300,1580
154,1583
381,1586
322,1737
251,1742
237,1800
267,1747
232,1818
262,2051
228,1819
240,1821
204,1620
450,1562
629,1571
192,1587
252,1743
94,1596
272,1585
245,1598
114,1599
246,1601
396,1602
170,1603
225,1604
409,1822
186,1931
165,1605
684,1572
239,1588
93,1590
114,1600
165,1606
200,24
278,1749
429,1750
209,1823
195,1828
165,1825
304,1826
323,1827
197,1824
232,1829
172,2346
698,1573
93,1591
157,1756
382,1597
165,1607
362,1748
325,1754
187,1832
197,1752
277,1753
361,1751
186,1932
224,1830
333,1757
129,1968
603,1574
93,1592
165,1608
431,1610
100,1611
206,1612
527,1613
460,1589
248,1614
134,1615
162,1626
258,1627
118,1668
164,1831
148,1833
95,1936
594,1575
93,1593
122,1609
143,1616
155,1628
297,1629
281,1755
198,1758
196,1759
289,1760
151,1762
123,1764
193,1765
196,1766
151,1771
164,2680
195,1834
193,1770
185,1933
611,1576
164,1594
416,1636
204,1761
197,1767
524,1774
224,1617
214,1630
134,1631
78,52
486,1634
229,1773
370,1946
186,2557
22,2370
628,1577
93,1595
228,1618
224,1632
158,1635
171,1768
327,1483
230,1637
225,1641
245,1775
175,1642
195,1835
152,1836
153,1837
253,2052
157,1844
139,1846
134,1848
543,1578
204,1619
258,1633
75,1638
279,1640
224,1643
122,1646
191,1647
129,1648
91,1653
172,1769
185,1649
245,1655
139,1656
222,1657
144,1839
154,1845
193,1847
162,2336
185,1934
258,1644
57,1840
100,1654
138,1650
246,1658
147,1850
157,1852
178,1853
153,1854
144,1855
176,1857
275,1858
156,1859
109,1865
226,1862
136,1866
251,2053
123,1791
187,2358
85,2372
84,2360
204,1621
134,1645
675,1651
255,1659
171,1841
194,1851
174,1860
273,1772
219,1935
268,1864
178,2947
160,1937
176,1938
241,1969
331,1975
387,2040
204,1622
152,1843
734,1652
214,1842
181,1873
174,1861
143,1874
239,1863
175,1867
174,1868
174,1869
199,1870
181,1872
137,1875
268,1876
270,1879
138,1871
227,1880
49,1943
204,1623
268,1877
562,1881
225,1939
186,1838
316,2041
222,1941
295,1942
274,1945
255,1947
330,1948
124,1952
236,1940
287,1944
204,1624
154,1878
237,7
188,1882
266,1883
189,1885
136,1887
188,1888
158,1889
134,1890
168,1891
274,1892
114,1893
455,1949
330,1953
165,2043
320,1956
262,2055
215,755
116,1625
136,3091
267,1884
321,2042
172,1978
105,1894
64,1950
329,1951
342,1955
202,1957
214,1987
255,1970
187,1977
237,1988
164,1982
226,1989
243,1954
346,2060
179,1994
212,1995
509,1981
334,1984
335,1985
274,1986
429,2045
408,1990
438,2044
422,2049
328,2054
345,2058
342,2059
93,3719
479,1979
221,1997
202,1998
231,1996
174,1999
336,2000
324,2001
402,2046
222,2003
182,2004
362,2005
158,2009
160,2010
168,2019
370,2008
323,2011
283,2012
199,2013
246,2015
304,2016
383,2020
330,2017
188,2014
351,2018
359,2021
317,2022
145,2050
179,2065
173,2333
366,2023
343,2030
484,2027
457,2024
220,2002
229,2477
207,2025
284,2026
566,2029
316,2028
299,2047
119,2048
178,2948
180,2066
271,2061
346,2062
282,2063
397,2068
356,2064
374,2069
265,2073
306,2070
306,2071
267,2074
269,2072
167,3667
402,2075
240,2961
225,2909
374,2082
385,2083
459,2084
255,2478
279,2077
385,2076
282,2079
350,2080
236,2519
271,2500
438,2507
431,2908
348,2086
238,2093
341,2087
191,2089
260,2088
278,2090
258,2091
263,2092
434,2094
366,2095
263,2097
162,2096
97,2856
206,2527
172,1991
247,2134
262,2098
265,2099
281,2100
261,2101
273,2102
292,2104
339,2103
261,2501
191,2106
356,2479
394,2480
250,2506
235,2520
427,2524
31,2873
265,2111
439,2105
185,2112
261,2107
283,2109
260,2108
292,2110
252,2113
254,2114
295,2115
211,2117
296,2118
245,2119
150,2132
153,2508
191,2148
409,2116
270,2122
285,2123
200,2126
406,2125
264,2127
254,2128
272,2129
207,2130
283,2131
280,2120
254,2121
268,2502
231,2133
207,2528
257,2144
316,2135
373,2138
343,2139
318,2136
249,2140
344,2137
255,2141
251,2142
251,2143
333,2145
388,2147
379,2146
196,2149
203,2150
42,2176
321,2156
224,2152
358,2151
205,2154
360,2153
207,2155
353,2157
256,2226
339,2230
331,2229
402,2482
245,2235
165,2177
218,2196
369,2161
270,2162
248,2163
268,2164
321,2158
274,2165
261,2166
328,2160
417,2159
275,2167
255,2170
308,2169
266,2171
136,2231
115,1763
266,2168
306,2172
247,2173
280,2174
192,2175
270,2181
494,2178
190,2179
254,2481
264,2180
228,2483
863,2183
178,1983
196,2910
391,2184
420,2185
432,2186
282,2182
585,2187
274,2188
532,2189
264,2190
262,2191
247,2192
218,2193
220,2194
217,2195
213,2197
212,2198
212,2199
260,2210
212,2200
214,2201
225,2202
226,2203
368,2205
243,2204
253,2206
262,2207
262,2208
249,2211
239,2209
253,2212
212,2251
399,2213
217,2225
221,2223
213,2221
213,2219
212,2217
234,2215
216,2224
222,2222
214,2220
214,2218
213,2216
235,2214
268,2227
253,2228
334,2232
212,2250
352,2233
228,2242
228,2243
392,2234
252,2236
259,2237
254,2238
266,2239
285,2240
261,2241
242,2244
242,2245
221,2246
221,2247
212,2248
212,2249
211,2252
211,2253
272,2258
267,2259
385,2256
323,2255
317,2262
275,2260
327,2254
286,2257
243,2261
209,2263
175,2564
325,2264
210,2301
192,2328
336,2265
226,4608
321,2267
375,2268
318,2484
379,2269
413,2270
294,2271
272,2273
319,2274
273,2275
271,2276
208,2529
235,2503
422,2272
268,2031
284,2278
435,2277
390,2280
445,2279
308,2281
286,2282
255,2283
318,2284
205,2485
266,2286
251,2486
61,2962
282,2287
303,2289
437,2285
263,2293
367,2290
350,2288
285,2294
399,2291
365,2292
311,2295
374,2296
455,2297
573,2298
209,2911
277,2299
186,2302
185,2303
197,2305
188,2307
215,2308
182,2309
186,2311
193,2310
188,2312
201,2314
179,2313
276,2487
145,2966
203,2300
423,2509
358,2317
468,2316
191,2325
429,2318
276,2319
289,2320
368,2315
302,2321
269,2323
265,2324
255,2326
289,2488
266,2489
174,2327
178,2329
173,2331
197,2332
190,2334
200,2335
339,2490
402,2338
364,2322
376,2339
237,2504
321,2337
261,2510
188,2512
331,2521
207,2530
154,2863
169,2349
268,314
195,2341
272,2342
177,2344
172,2345
184,2347
175,2348
339,2491
282,2505
261,2511
161,2513
244,2516
331,2522
503,2515
179,2912
196,2531
166,2535
175,2351
167,2352
168,2353
375,2343
367,2354
410,2371
425,2355
375,2356
256,2376
273,2377
318,2378
342,2379
205,2514
141,2532
281,2366
268,2359
491,2357
283,2362
430,2363
279,2365
272,2364
251,2367
251,2368
256,2373
366,2369
258,2517
300,2374
271,2375
276,2412
436,2380
252,2384
252,2385
381,2381
281,2382
254,2383
514,2386
193,2493
248,2396
242,2399
279,2388
186,2400
348,2401
204,2402
110,2453
523,2387
517,2389
511,2390
520,2391
505,2392
517,2393
212,2394
259,2395
277,2397
273,2398
360,2404
376,2403
373,2405
250,2406
288,2413
280,2408
250,2407
202,2410
177,2361
312,2411
278,2409
217,2414
219,2415
145,2967
168,3055
218,2416
255,2932
349,2417
403,2418
336,2422
280,2420
293,2419
182,2423
155,2428
145,2429
236,2431
165,2426
173,2425
164,2424
176,2421
154,2427
136,2430
342,2432
278,2433
266,2434
236,2435
359,2436
256,2437
198,2438
270,2440
408,2439
347,2441
225,2444
145,2968
213,2443
212,2445
224,2446
234,2533
172,2464
232,2472
140,3716
553,2447
273,2448
284,2449
255,2450
235,2451
262,2452
291,2454
234,2455
212,2460
329,2456
193,2458
232,2459
377,2457
172,2461
267,2518
267,2473
170,2469
214,2494
171,2468
171,2467
384,2495
171,2465
171,2463
170,2466
184,2462
247,2470
265,2471
334,2492
252,2496
272,2497
301,2498
246,2540
426,2525
451,2523
445,2526
465,2913
261,2933
409,2949
438,2956
399,2963
145,2969
235,2984
388,2991
226,3010
295,2534
274,2536
269,2914
326,2934
145,2970
416,2950
66,2957
399,2964
366,2985
191,3009
226,3011
439,2992
378,2998
183,3364
186,3451
433,2999
439,2993
400,2915
134,2928
409,2951
249,2931
316,2965
145,2971
366,2986
381,3000
184,3002
226,3008
191,3013
139,4215
229,2544
228,2538
228,2539
228,2541
228,2542
229,2537
216,2543
279,2546
349,2545
349,2547
271,2550
476,2548
254,2549
174,2551
134,2925
210,2987
200,2552
199,2554
200,2555
360,2973
145,2976
177,2988
398,2917
134,2926
416,2952
518,2958
454,2972
257,2994
381,3001
186,3003
226,3014
190,2558
204,2559
197,2560
201,2561
181,2562
195,2563
435,2918
335,2565
372,2567
381,2568
199,2572
198,2571
194,2570
203,2569
179,1849
182,1724
177,1856
97,2996
190,2573
256,2919
201,2577
203,2576
189,2575
184,2574
195,2579
181,2578
228,2935
459,2953
187,2959
360,2974
147,2978
167,2989
415,2995
378,2997
187,3004
191,3018
350,2581
175,2580
489,2582
484,2583
496,2584
261,2586
262,2587
240,2588
259,2589
259,2585
248,2590
186,2920
383,2936
245,2598
273,2599
443,2591
246,2592
247,2593
245,2594
395,2595
395,2596
251,2597
416,2600
461,2602
204,2601
239,2921
156,3005
222,2632
393,2603
398,2604
375,2605
247,2606
269,2608
253,2609
221,2611
237,2610
250,2612
464,2614
205,2922
478,2613
281,2607
169,3052
362,2616
363,2617
454,2618
445,2619
481,2615
423,2620
402,2621
415,2623
405,2622
248,2637
383,2937
270,2633
472,2624
276,2625
238,2627
203,2626
178,2629
190,2630
342,2631
253,2634
233,2635
475,2638
136,3089
285,2636
125,2656
175,3453
258,2652
420,2639
358,2640
359,2641
283,2643
389,2642
250,2646
382,2644
381,2645
354,2566
204,2647
197,2648
227,2649
144,2938
142,2657
165,3053
373,2659
251,2653
257,2654
216,2655
375,2660
466,2651
144,2939
373,2658
396,2661
404,2663
230,2664
314,2665
178,2834
117,3092
248,2666
238,2667
408,2668
426,2669
233,2670
410,2671
421,2672
433,2673
438,2674
248,2675
262,2676
235,2677
227,2678
240,2693
282,2679
186,2681
190,2682
228,2683
240,144
260,2684
232,2628
412,2690
423,2691
365,2685
365,2686
215,2687
236,2688
362,2689
238,2706
430,2692
420,2695
246,2700
440,2696
192,2697
399,2698
277,2701
257,2702
311,2699
241,2703
224,2705
227,2704
217,2731
232,2746
258,2707
249,2708
403,2709
403,2710
164,2711
280,2712
428,2717
217,2650
210,2713
260,2714
448,2715
429,2716
241,2745
418,2718
159,2719
451,2720
265,2721
464,2722
437,2723
311,2724
275,2725
164,2726
305,2727
305,2728
302,2729
192,2730
97,2766
431,2732
441,2733
236,2734
229,2442
258,2735
231,2736
235,2737
219,2738
228,2739
371,2740
371,2741
220,2742
264,2743
215,2744
144,2940
167,3056
171,2747
225,2755
422,2748
420,2749
426,2750
462,2751
405,2752
210,2753
214,2754
245,2756
235,2757
247,2758
144,2941
172,2981
225,2760
250,2761
236,2759
215,2762
206,2763
350,2765
350,2764
420,2767
433,2768
457,2769
406,2770
144,2942
279,2772
178,2832
186,3006
230,2785
444,2771
240,2773
211,2662
242,2774
242,2775
266,2776
264,2777
266,2778
201,2780
384,2781
257,2779
257,2782
385,2783
385,2784
245,2786
239,2787
243,2788
320,2789
280,2790
420,2823
293,2824
275,1666
417,2825
187,2826
188,2827
186,2828
195,2829
194,2830
193,2831
179,2833
175,3070
360,2835
360,2836
239,2837
240,2839
240,2840
240,2841
240,2842
240,2843
240,2844
240,2845
241,2846
144,2943
240,2847
240,2848
161,2849
458,2954
147,2979
368,2850
423,2851
389,2852
217,2923
398,2853
192,2854
395,2855
220,2857
214,2944
388,2990
298,2955
279,2960
147,2977
192,3007
177,3054
398,2858
398,2859
233,2860
178,2861
194,2862
367,2864
197,2867
318,2866
204,2865
194,2868
427,2869
429,2871
409,2870
147,2975
136,3086
399,2872
405,2874
440,2882
401,2875
258,2876
433,2877
183,2878
175,2879
170,2880
178,2881
440,2883
244,2884
197,2885
161,4483
49,2982
205,2887
442,2888
453,2889
434,2890
174,2892
420,2916
205,2894
432,2897
447,2893
427,2891
447,2895
147,2980
436,2896
476,2898
313,2899
214,2900
178,2901
200,2902
213,2903
188,2904
244,2905
392,2906
392,2907
333,53
447,2924
147,2983
398,3012
255,3363
186,3366
437,3379
357,3391
312,3404
312,3410
312,3415
382,3383
407,3417
360,3418
129,3612
256,3655
226,3016
226,3025
226,3026
398,3017
226,3019
226,3021
226,3022
443,3020
226,3024
226,3027
226,3028
226,3029
203,3047
189,3051
172,3050
96,866
492,3023
226,3030
226,3031
226,3033
447,3032
226,3034
226,3035
257,3367
226,3037
226,3038
193,3365
172,3380
191,3048
356,3392
312,3395
270,3042
164,3656
375,3045
427,3060
419,3057
381,3046
419,3058
427,3059
437,3378
269,3043
164,3368
339,3370
212,3637
430,3061
505,3062
205,3063
362,3066
283,3065
216,3067
177,3068
194,3069
310,3036
335,3039
309,3041
351,3121
193,3419
173,3443
173,3071
368,3064
196,3073
362,3077
372,3075
372,3076
136,3087
136,3085
136,3088
336,3372
164,3078
177,3079
168,3080
175,3081
174,3082
142,3382
97,3131
189,3454
136,3090
362,3072
417,3083
231,3084
344,3373
384,3384
343,3393
312,3396
344,3405
312,3411
196,3381
393,3389
383,3385
241,3420
335,3040
144,3093
144,3094
144,3095
144,3096
144,3097
144,3098
144,3099
304,3100
884,3074
395,3101
395,3102
395,3103
123,3129
184,3174
322,3219
395,3104
442,3107
472,3105
384,3108
472,3106
258,3109
143,3110
143,3111
143,3112
143,3113
143,3114
143,3115
143,3116
166,3175
309,3178
180,3461
393,3118
393,3117
442,3119
351,3120
145,3123
145,3124
145,3125
145,3126
145,3127
145,3128
148,3122
307,3130
404,3132
404,3133
396,3134
182,3813
396,3135
407,3136
406,3137
308,3138
145,3139
308,3140
308,3141
147,3142
306,3143
453,3144
395,3159
312,3177
312,3397
443,3145
451,3146
307,3147
406,3148
308,3149
329,3371
365,3151
365,3152
204,3153
262,3154
188,3155
181,3156
188,3157
151,3158
408,3160
408,3161
395,3162
404,3163
404,3164
348,3369
442,3165
455,3166
190,3173
438,3386
289,3398
216,3421
451,3167
420,3169
224,3171
339,3374
421,3394
219,3168
312,3399
218,3170
312,3406
312,3412
190,3172
383,3390
208,3422
173,3479
309,3179
309,3180
309,3181
309,3182
309,3183
329,3375
361,3176
368,3187
389,3186
402,3185
413,3188
312,3413
151,4590
375,3184
382,3189
402,3190
312,3192
312,3193
389,3191
312,3194
415,3195
429,3196
312,3197
449,3198
172,3423
22,3485
436,3199
312,3201
406,3200
312,3202
312,3203
312,3204
312,3205
312,3206
312,3207
175,3208
210,3209
235,3442
185,3215
185,3216
185,3217
224,3210
194,3211
181,3212
183,3213
176,3214
336,3376
354,3218
358,3221
318,3224
389,3223
440,3225
399,3222
192,3257
193,3220
385,3239
440,3226
333,3227
252,3228
201,3229
192,3230
191,3231
183,3232
311,3235
407,3233
385,3234
311,3237
388,3236
187,3444
176,3258
271,3150
407,3238
388,3240
269,3246
435,3243
432,3242
454,3241
270,3247
406,3248
375,3244
233,3338
192,3259
375,3245
137,4458
344,3377
237,3256
269,3250
398,3249
257,3251
426,3252
258,3253
258,3254
258,3255
395,3261
178,3260
240,3263
184,3339
317,3262
62,4468
413,3266
270,3264
389,3265
392,3267
394,3388
393,3268
312,3400
406,3269
186,3340
312,3407
312,3414
121,3494
312,3282
401,3270
386,3271
413,3273
389,3272
392,3274
393,3275
406,3276
401,3277
312,3278
312,3279
324,3280
182,3341
312,3283
312,3284
322,3285
312,3286
312,3287
428,3288
312,3289
312,3290
312,3291
387,3281
312,3401
402,3292
312,3293
312,3294
312,3295
452,3296
425,3297
312,3298
441,3299
312,3300
309,3301
312,3302
180,3342
312,3303
312,3304
312,3305
201,3307
238,3306
194,3308
182,3309
179,3310
375,3311
335,3312
217,3313
121,3314
276,3316
429,3315
254,3649
361,3317
179,3318
229,3319
258,3326
251,3320
90,3661
342,3321
367,3323
256,3322
353,3324
337,3325
278,3416
312,3402
250,3430
306,3346
399,3343
408,3336
337,3331
353,3330
367,3329
342,3328
369,3327
408,3332
381,3333
376,3334
416,3335
545,3337
356,3347
333,3348
357,3344
356,3345
406,3350
356,3354
357,3351
356,3352
406,3349
357,3353
312,3408
366,3355
445,3356
413,3357
404,3358
403,3359
314,3360
445,3362
393,3387
312,3403
312,3409
397,3361
354,3425
382,3424
381,3426
437,3431
371,3429
366,3428
366,3427
425,3432
425,3433
382,3434
187,3441
172,3445
437,3437
437,3436
387,3447
396,3435
466,3439
344,3438
466,3440
379,3446
434,3449
434,3448
188,3455
31,3781
434,3450
390,3456
264,3452
407,3457
447,3459
447,3458
447,3460
378,3642
394,3647
293,3660
230,3662
214,3673
233,3462
197,3463
361,3464
357,3465
188,3466
361,3470
356,3467
374,3468
367,3469
359,3471
355,3473
113,3495
209,3643
205,3544
193,3674
356,3472
144,3610
384,3641
459,3476
459,3475
459,3474
243,3477
189,3478
182,3480
282,3648
445,3657
451,3663
246,3675
177,3481
211,3482
200,3483
359,3484
353,3486
364,3487
364,3488
364,3489
359,3490
481,3493
481,3491
481,3492
143,3524
220,3497
167,3611
351,3498
350,3499
351,3500
347,3501
351,3502
350,3503
351,3504
347,3505
353,3507
21,3506
145,3529
197,3545
217,3547
201,3650
351,3508
337,3509
165,3510
254,3511
179,3512
177,3513
183,3514
178,3515
181,3516
185,3517
364,3518
373,3519
349,3520
348,3521
145,3534
121,3696
164,3546
145,3563
358,3522
364,3523
373,3525
349,3526
364,3527
373,3528
349,3530
383,3533
348,3531
358,3532
364,3535
373,3536
349,3537
348,3538
358,3539
331,3540
246,3541
192,3542
237,3543
248,3548
200,3549
237,3550
240,3551
219,3552
221,3553
257,3554
231,3555
196,3571
378,3556
383,3557
381,3558
361,3559
153,3560
371,3561
201,3562
178,3565
351,3564
219,3566
264,3044
237,3826
249,3570
131,3567
185,3569
22,3780
171,3573
144,3613
233,3574
232,3575
195,3576
216,3577
234,3578
242,3579
115,3568
224,3580
376,3581
379,3582
364,3583
199,3651
294,3585
194,3598
209,3606
209,3607
204,3731
350,3593
350,3586
358,3584
335,3587
351,3588
221,3572
379,3589
364,3590
351,3591
334,3592
350,3594
334,3595
224,3652
351,3596
379,3597
364,3599
288,3600
368,3644
434,3601
181,3602
347,3608
251,3653
469,3664
279,3658
448,3668
158,3669
593,3614
385,3615
385,3616
190,3617
191,3618
261,3619
203,3603
275,3620
215,3605
239,3604
366,3645
371,3621
368,3623
205,3711
234,3624
371,3622
383,3625
194,3626
357,3627
194,3628
381,3629
481,3630
198,3631
207,3632
185,3633
252,3634
257,3635
179,3636
252,3646
315,3654
458,3659
165,3639
191,3640
176,3638
480,3676
467,3665
449,3666
202,3671
307,3670
208,3672
237,3827
169,3834
217,3683
483,3677
209,3828
470,3678
185,4216
208,3679
207,3680
23,3829
23,3830
249,3684
317,3688
193,3681
213,3682
308,3692
224,3689
219,3685
188,3686
23,3831
132,3837
133,3836
257,3691
221,3687
318,3697
242,3690
333,3702
124,3703
119,3701
436,3706
137,3694
187,3707
198,3708
121,3699
123,3695
119,3704
129,3698
124,3693
23,3832
451,3705
392,3709
208,3712
240,3714
154,3717
224,3718
185,3710
257,3713
189,3715
409,3720
431,3721
204,3726
185,3722
206,3723
197,3724
188,3725
189,3727
185,3728
183,3729
204,3730
178,3732
181,3814
235,3733
359,3741
442,3735
456,3734
370,3736
357,3737
366,3738
360,3739
359,3740
280,3742
341,3743
341,3744
233,3746
204,3747
204,3748
234,3749
223,3750
467,3754
363,3753
363,3752
395,3751
464,3755
352,3757
237,3817
222,4633
352,3759
220,3771
382,3765
374,3764
384,3763
200,3772
227,3775
252,3776
210,3777
174,3774
253,3782
338,3783
183,3784
434,3786
238,4225
450,3787
434,3788
433,3792
374,3794
374,3795
349,3796
349,3797
348,3789
254,3811
193,3809
279,3812
203,3816
186,3815
136,3920
374,3798
347,3793
348,3791
364,3790
363,3799
168,3801
356,3804
220,3833
275,3802
388,3800
254,3806
234,3807
145,3803
232,3808
254,3810
233,3805
237,3818
204,3820
229,3819
204,3821
57,3761
231,3840
216,3841
208,3842
244,3843
279,3844
214,3845
66,3767
26,4226
63,3838
63,3846
24,4227
59,3756
66,3758
59,3848
67,3770
62,3760
66,3839
71,3762
161,4302
58,3766
298,3849
132,3863
334,3859
262,3860
303,3850
214,3852
198,3853
188,3854
185,3855
24,3857
27,3856
132,3835
132,3858
341,3866
132,3864
132,3865
221,3862
177,4507
164,4541
353,3918
78,3851
358,3867
211,2886
145,3900
145,3901
145,3902
145,3903
145,3904
145,3905
145,3906
145,3907
194,4913
145,3910
145,3909
145,3911
145,3912
313,3917
145,3914
207,3915
165,3913
351,3916
45,4508
40,4509
283,3921
203,3922
36,3923
194,3861
317,3919
185,4221
314,3926
314,3927
338,3928
338,3929
206,4230
205,4239
206,4240
203,4274
157,4303
177,4294
213,4305
158,4312
141,3936
321,3924
262,3932
331,3934
302,3933
340,3930
340,3931
321,3925
331,3935
262,3937
156,3938
214,3939
141,3940
141,3941
141,3942
141,3943
23,4295
43,4030
339,3947
326,3948
320,3949
159,3945
159,3944
159,3946
190,3785
263,4296
206,4242
27,3952
190,3953
185,4222
205,4228
223,4487
206,4241
283,3960
203,4275
62,3847
61,3769
65,3768
337,3950
375,3969
375,3951
256,3965
185,4223
241,3964
256,3966
310,3967
226,3968
206,4229
296,3972
299,3970
184,4486
296,3973
191,4544
301,3975
301,3974
299,3971
268,3976
287,3978
311,3977
270,3980
248,3981
249,3982
185,4217
195,4231
203,4270
206,4243
203,4276
169,4279
186,4280
168,3962
168,3961
168,3959
168,3957
168,3956
168,3955
168,3954
168,3958
263,3983
278,3963
167,3984
177,3991
193,3985
213,3986
199,3987
185,3989
185,4218
182,3990
273,3988
188,3993
186,4000
186,3999
186,3998
186,3997
137,3994
356,3992
186,3996
186,3995
185,4219
195,4232
206,4244
203,4271
206,4245
204,4277
174,4281
174,4282
263,4284
208,4283
295,4285
242,4010
164,4003
178,4004
245,4011
180,4005
186,4002
186,4001
167,4006
366,4007
180,4008
213,4009
245,4012
149,4013
186,4014
202,4016
203,4015
185,4220
23,4018
211,4019
195,4233
62,4286
258,4017
187,4020
231,4031
149,4021
310,4022
226,4023
188,4024
237,4025
180,4026
179,4027
178,4028
52,4029
231,4032
153,4033
189,4035
262,4034
152,4036
178,4037
194,4124
62,4287
337,4038
178,4039
178,4040
178,4042
178,4043
178,4044
178,4041
215,4052
178,4045
189,4046
189,4047
192,4048
194,4049
168,4050
158,4051
62,4055
126,4054
193,4053
216,4056
198,4057
167,4159
188,4065
379,4058
273,4059
275,4060
320,4062
337,4063
313,4061
188,4064
178,4070
188,4066
188,4069
186,4072
260,4073
188,4071
188,4067
188,4068
167,4160
408,4074
282,4075
209,4108
209,4109
209,4110
209,4111
209,4112
209,4113
209,4114
209,4115
211,4116
65,4117
310,4118
226,4119
163,4120
193,4121
194,4122
62,4288
62,4289
288,4123
195,4234
289,4125
264,4126
264,4127
322,4128
322,4129
272,4130
119,4132
272,4131
76,4310
265,4297
203,4272
204,4278
132,4290
264,4298
210,4291
163,4133
382,4134
167,4161
167,4162
456,4138
442,4139
344,4135
373,4136
425,4137
245,4155
184,4163
184,4164
184,4165
184,4166
195,4235
29,4365
452,4140
231,4141
236,4142
235,4143
235,4144
237,4145
227,4146
223,4147
227,4148
224,4149
250,4151
90,4150
41,4357
330,4153
94,4152
176,4154
245,4156
167,4157
167,4158
184,4167
184,4168
184,4169
184,4170
57,4171
57,4172
57,4173
57,4174
57,4175
57,4176
57,4177
57,4178
135,4179
57,4180
237,4181
235,4182
235,4183
239,4184
225,4185
229,4186
229,4187
229,4188
227,4189
231,4190
159,4236
227,4191
229,4192
241,4193
231,4194
229,4195
229,4196
229,4197
241,4198
241,4199
277,4202
265,4200
318,4201
288,4203
288,4204
293,4205
184,4206
146,4381
184,4213
184,4212
184,4211
184,4210
184,4209
184,4208
184,4207
430,4214
210,4292
205,4237
203,4273
206,4238
247,4299
185,4300
185,4301
213,4306
193,4293
213,4304
213,4308
213,4307
288,4311
458,4485
235,4522
270,4512
209,4514
209,4515
235,4516
246,4517
278,4518
266,4519
235,4520
235,4521
234,4523
234,4524
243,4313
200,4314
211,4315
199,4316
245,4317
211,4318
229,4319
136,4320
211,4321
236,4322
499,4488
132,4513
239,4525
234,4526
234,4527
219,4528
201,4529
234,4530
172,4358
172,4359
172,4356
172,4355
172,4360
172,4361
166,4362
196,4363
279,4367
221,4489
221,4494
187,4531
172,4369
211,4532
172,4370
172,4368
172,4364
172,4366
279,4533
189,4534
205,4376
219,4380
255,4374
205,4377
209,4378
197,4379
204,4375
160,4499
185,4500
172,4371
172,4373
172,4372
191,4545
170,4495
167,4496
160,4497
160,4498
52,4501
194,4493
194,4491
147,4382
147,4383
183,4384
183,4385
147,4386
183,4387
183,4388
166,4389
202,4390
212,4391
62,4392
154,4393
154,4394
154,4395
154,4396
154,4397
154,4398
154,4399
154,4400
154,4401
168,4402
168,4403
199,4490
171,4404
171,4405
156,4406
251,4407
246,4408
261,4409
249,4410
248,4411
248,4412
249,4413
249,4414
257,4415
262,4416
262,4417
245,4418
240,4502
42,4546
197,4610
245,4419
257,4420
250,4421
250,4422
261,4423
258,4424
267,4425
274,4426
268,4427
268,4428
269,4429
259,4430
259,4431
293,4432
243,4433
127,4569
237,4434
203,4435
233,4436
255,4437
258,4438
257,4439
261,4440
251,4441
262,4442
214,4443
214,4444
182,327
198,4445
218,4446
220,4447
218,4448
219,4449
203,4450
204,4451
204,4452
203,4453
203,4454
202,4455
202,4456
203,4457
165,4459
189,4460
270,4461
261,4462
165,4463
187,4464
199,4492
277,4535
277,4536
234,4537
216,4466
229,4467
329,4465
164,4473
294,4478
245,4471
275,4479
474,4474
163,4475
274,3908
311,4469
175,4470
257,4472
191,4476
254,4477
135,4482
41,4510
271,4481
182,4503
182,4504
199,4505
157,4506
219,4914
200,4915
234,4538
234,4539
221,4540
234,4542
234,4543
216,4547
216,4548
216,4549
217,4550
23,4551
352,4553
197,4556
174,4646
262,4647
213,4554
239,4557
249,4558
235,4648
197,4609
193,4611
173,4630
221,4632
221,4634
222,4635
228,4639
232,4641
222,4649
242,4650
235,4651
184,4933
193,4612
226,4613
223,4559
232,4615
170,4616
181,4617
178,4618
317,4619
307,4620
313,4621
306,4622
305,4623
163,4624
180,4625
182,4626
221,4916
180,4628
164,4560
156,4561
339,4562
224,4563
258,4565
171,4566
180,4567
245,4568
171,4564
190,4570
151,4574
207,4571
198,4572
198,4573
256,4575
256,4576
256,4577
256,4578
254,4579
449,4580
210,4581
226,4614
180,4627
446,4585
196,4586
196,4587
209,4588
440,4584
180,4589
190,4592
182,4596
183,4591
176,4595
247,4599
180,4597
247,4598
247,4600
247,4601
221,4917
38,4603
173,4631
72,4605
62,4606
144,4636
228,4637
248,4638
276,4629
170,4640
174,4642
197,4643
200,4644
250,4645
70,4671
58,4594
56,4593
233,4652
229,4653
226,4654
200,4655
200,4657
296,4607
207,4672
288,4674
288,4675
282,4676
288,4677
288,4678
288,4679
233,4918
202,4928
208,4929
186,4669
194,4656
202,4658
205,4659
183,4660
205,4661
182,4662
206,4663
180,4664
181,4666
191,4665
191,4668
186,4667
178,4670
214,4673
226,4919
219,4920
218,4921
218,4922
235,4680
183,4681
183,4682
192,4683
200,4684
200,4685
185,4694
181,4695
182,4696
173,4686
178,4687
178,4688
175,4689
184,4690
175,4691
180,4692
185,4693
182,4697
21,4698
160,4699
180,4715
666,4700
160,4702
160,4701
714,4703
256,4704
162,4705
207,4706
207,4707
189,4709
163,4708
189,4710
163,4711
154,4712
154,4713
159,4714
40,4552
180,4716
180,4717
194,4718
194,4719
179,4720
194,4721
179,4722
185,4723
185,4724
179,4725
185,4726
176,4727
176,4728
176,4729
187,4731
188,4732
188,4734
175,4730
188,4733
188,4735
65,4811
179,4736
179,4737
179,4738
176,4739
185,4740
176,4741
160,4742
192,4743
188,4744
188,4745
180,4747
180,4746
182,4930
195,4749
195,4750
174,4751
174,4752
179,4753
179,4754
185,4756
185,4755
193,4757
179,4758
179,4759
163,4760
170,4761
182,4762
181,4763
181,4764
182,4765
192,4766
189,4767
201,4768
174,4769
180,4770
185,4771
765,4772
200,4773
202,4774
245,4775
200,4776
232,4777
456,4778
556,4779
556,4780
556,4781
556,4782
66,4812
556,4783
556,4784
556,4785
182,4786
203,4787
186,4788
186,4789
188,4790
185,4791
200,4792
204,4793
261,4794
188,3745
63,4813
194,2266
202,4795
303,4796
245,4798
245,4799
261,4800
261,4801
194,4802
302,4797
203,4803
209,4804
198,4805
198,4806
199,4807
202,4808
203,4809
186,4810
188,4814
188,4815
188,4816
193,4830
188,4817
166,4818
166,4819
166,4820
166,4821
167,4822
169,4823
171,4824
171,4825
184,4826
184,4827
184,4828
184,4829
191,4831
191,4832
34,4884
192,4833
192,4834
192,4835
192,4836
268,4837
321,4838
189,4839
183,4840
174,4841
175,4842
174,4843
175,4844
218,4923
187,4845
188,4847
440,4849
188,4848
188,4846
219,4924
212,4602
171,4851
171,4852
171,4853
171,4854
114,4855
149,4856
149,4857
149,4858
149,4859
139,4860
318,4861
198,4862
261,4863
204,4864
189,4865
190,4866
190,4867
190,4868
190,4869
190,4870
181,4871
139,4872
149,4873
147,4874
148,4875
148,4876
148,4877
228,4878
163,4879
163,4880
161,4881
183,4882
442,4883
204,4885
204,4886
219,4925
205,4887
205,4888
205,4889
205,4890
200,4891
191,4892
440,4893
254,4850
238,4894
260,4895
260,4896
260,4897
260,4898
245,4899
243,4900
202,4926
245,4901
245,4902
227,4903
228,4904
228,4905
228,4906
232,4907
232,4908
232,4909
232,4910
346,4912
468,4911
205,4927
214,4931
436,4932
219,4934
189,4935
291,4936
158,4937
258,4938
294,3979
248,4939
182,4940
189,4941
191,4942
194,4943
217,4944
258,4945
297,4946
353,4979
497,4980
138,4981
185,4982
208,4983
184,4984
201,4985
184,4986
199,4987
287,4988
187,4989
193,4990
187,4991
193,4992
196,4993
237,4994
197,4995
158,4996
193,4997
205,4998
160,4999
150,5000
164,4748
182,5001
