,CustomerID,m5_LTV
79,473425,-1291114.0
136,482287,-1599472.0
170,410887,-1689232.0
177,285705,-4339232.0
265,316601,-1073656.0
308,496358,-2748360.0
356,496216,-1260752.0
409,500096,-2733596.0
492,500597,-2142384.0
536,61930,-1567632.0
628,25983,-1399064.0
683,370980,-2148588.0
738,502081,-1003640.0
752,194711,-1088660.0
826,120465,-1629188.0
841,96260,-1680380.0
910,504633,-1052800.0
1061,470379,-2061828.0
1074,245110,-1610956.0
1077,265866,-2189512.0
1258,508344,-1063488.0
1325,479096,-2779276.0
1419,142929,-3553760.0
1593,512011,-1179500.0
1606,509680,-1049288.0
1677,510918,-1881504.0
1896,516180,-1489184.0
1953,270470,-1124616.0
1963,458420,-1042120.0
1967,516973,-2044268.0
1987,516827,-1826702.0
2079,518095,-2939332.0
2081,478737,-1228528.0
2229,518407,-1446832.0
2264,82130,-1923184.0
2318,520488,-1632880.0
2333,521657,-1463072.0
2390,522243,-1101632.0
2468,488137,-11194320.0
2554,520313,-1888844.0
2590,459130,-1831872.0
2627,525442,-4249624.0
2756,527484,-2921328.0
2951,475703,-1322956.0
3104,167400,-1484444.0
3111,532364,-2193316.0
3152,97928,-1289576.0
3185,366728,-1271800.0
3205,448188,-1246160.0
3227,308929,-2316144.0
3249,427316,-1183940.0
3417,536015,-1558496.0
3495,519176,-2236636.0
3524,532772,-1463384.0
3598,14897,-1476316.0
3612,537439,-3594364.0
3624,537646,-2381388.0
3730,538105,-7280892.0
3796,449000,-4650320.0
3916,366169,-1054176.0
3981,431501,-1876112.0
4025,540645,-2600768.0
4044,315561,-7088764.0
4057,196815,-3240816.0
4262,249825,-1011068.0
4272,532166,-1058860.0
4453,108784,-1106680.0
4466,548021,-2101740.0
4508,75123,-8161204.0
4718,547232,-2580876.0
4725,551037,-1437716.0
4777,320905,-1675300.0
4817,551925,-4120600.0
4927,552880,-2511916.0
4967,550546,-1142632.0
5053,352287,-1234648.0
5064,531700,-5436764.0
5124,352256,-1298388.0
5143,360890,-4705954.0
5219,427080,-9290356.0
5238,234192,-1101060.0
5422,454155,-1058748.0
5429,207852,-2160032.0
5431,557875,-1724060.0
5490,559583,-2365624.0
5544,447680,-1216688.0
5546,468229,-1560984.0
5780,249828,-1213776.0
5787,198931,-4638736.0
5819,364630,-3063176.0
5994,566367,-1303868.0
6012,566533,-1239330.0
6081,563689,-1873528.0
6197,569537,-1868824.0
6251,446553,-1033880.0
6384,572293,-2557620.0
6415,197350,-1190172.0
6470,571391,-1141760.0
6481,570285,-1157576.0
6504,573776,-1149200.0
6529,573998,-1981532.0
6618,169102,-1223568.0
6632,575334,-2853704.0
6780,372568,-1197152.0
6845,436760,-1634676.0
7141,463742,-4955864.0
7155,71170,-1369241.0
7181,51031,-1944956.0
7225,583249,-6063156.0
7315,584317,-1102392.0
7331,584342,-1454016.0
7380,394844,-1469420.0
7451,325768,-2278708.0
7522,234147,-8599632.0
7703,438284,-3617472.0
7830,428587,-2193360.0
7941,586680,-3007884.0
7978,590591,-5610752.0
8060,591301,-4945596.0
8069,591363,-1356048.0
8074,591370,-3916232.0
8097,590555,-1138936.0
8123,410375,-1026264.0
8208,592706,-1458764.0
8212,592694,-3630548.0
8260,314190,-2062460.0
8277,588742,-1140628.0
8482,594352,-1293632.0
8623,596348,-1520758.0
8645,186225,-1172696.0
8796,597115,-1532424.0
8809,421677,-3114748.0
8913,329193,-1472084.0
9059,407275,-1000852.0
9185,697211,-1745908.0
9222,58140,-2136716.0
9418,349797,-2671244.0
9419,704973,-1872980.0
9438,697649,-4023464.0
9465,463376,-2081864.0
9575,707961,-1083156.0
9579,707413,-2423260.0
9639,382978,-1178568.0
9748,709915,-1333964.0
9793,233095,-2271468.0
9932,712583,-2309768.0
9938,709494,-1042680.0
9944,205970,-1780156.0
10006,667812,-1126232.0
10047,654834,-1431732.0
10106,155747,-3232840.0
10130,246049,-1124984.0
10297,225270,-1125392.0
10348,475761,-1416088.0
10491,314120,-1403924.0
10600,719646,-1049068.0
10641,720088,-1612048.0
10671,287850,-1058216.0
10699,560364,-2136904.0
10824,719703,-2126648.0
10844,217448,-1214804.0
10896,414977,-1360708.0
11021,161051,-1234702.0
11063,213983,-1035512.0
11317,208937,-2260060.0
11334,728232,-1258276.0
11339,51554,-1426260.0
11398,73288,-2808160.0
11452,687877,-1527688.0
11592,731086,-1388896.0
11687,659521,-17137992.0
11746,719083,-1070824.0
11768,391564,-1032536.0
11773,733570,-1972240.0
11911,735176,-1781032.0
11912,720973,-1036204.0
12161,241057,-1651924.0
12217,114648,-2580440.0
12236,52859,-1004352.0
12303,615396,-1057856.0
12375,301134,-1388824.0
12480,609808,-1102496.0
12501,745193,-1797668.0
12502,120069,-2403044.0
12695,223794,-1043044.0
12764,748609,-2006144.0
12816,749008,-1854112.0
12852,749407,-1631082.0
12984,290593,-1191828.0
13018,751126,-1760284.0
13087,717068,-1337100.0
13128,100759,-1765112.0
13367,222024,-1655740.0
13434,755451,-1025596.0
13441,755505,-1289520.0
13563,289000,-1043424.0
13588,389046,-1163240.0
13682,248013,-1585304.0
13687,54682,-1527964.0
13779,758785,-2798920.0
13822,723471,-1335616.0
13881,324234,-1100748.0
13998,745508,-9821932.0
14023,761574,-2296420.0
14029,68718,-1880000.0
14129,392113,-1138820.0
14209,764110,-1246358.0
14255,764548,-1876874.0
14400,111190,-5542320.0
14429,746084,-1189004.0
14498,604595,-5291132.0
14633,769137,-1215520.0
14680,78336,-1456496.0
14682,769526,-1230876.0
14684,466101,-1276988.0
14735,757487,-1667840.0
14854,521084,-1518352.0
14912,771918,-2637166.0
14962,326422,-1504976.0
15059,194349,-1239879.0
15118,670821,-1216268.0
15247,711566,-1333752.0
15364,775999,-1211920.0
15392,270652,-12895920.0
15418,217800,-1916848.0
15424,244964,-1630656.0
15437,640288,-1225684.0
15457,776698,-1446204.0
15464,143786,-1218580.0
15465,186152,-2449788.0
15494,755070,-1977196.0
15520,116398,-2287056.0
15564,382435,-2841902.0
15576,249120,-9099108.0
15611,140990,-1340952.0
15632,754472,-1107736.0
15692,777382,-1187500.0
15728,778741,-1769628.0
15885,368632,-1365336.0
15984,763395,-1856540.0
16037,781233,-2095416.0
16215,782872,-2487664.0
16339,224768,-1595344.0
16522,784886,-1241504.0
16675,665677,-2346792.0
16727,226447,-1405136.0
16739,786751,-1463332.0
16757,786907,-1766960.0
16863,786540,-2148500.0
16867,784485,-1098000.0
16909,349832,-3424620.0
17068,788523,-1070704.0
17230,614911,-1597356.0
17384,88872,-4849508.0
17422,649976,-7821412.0
17502,790596,-1016672.0
17504,209212,-2542952.0
17523,404317,-2732240.0
17585,791558,-1234580.0
17643,786788,-1357556.0
17791,174363,-1409600.0
17801,63946,-1450924.0
17826,127050,-3217084.0
17832,782527,-2799992.0
17861,786445,-1736512.0
17864,663501,-2646668.0
17903,752162,-4498232.0
17914,750865,-1918236.0
17993,791924,-32286380.0
17997,186856,-3138896.0
18007,610824,-2954368.0
18012,795929,-1146240.0
18026,792041,-1088792.0
18040,751704,-3904816.0
18060,609305,-1672112.0
18068,222461,-5681740.0
18102,784420,-1115568.0
18145,791992,-1576428.0
18258,795276,-1065736.0
18299,793909,-4480704.0
18344,238303,-1673524.0
18508,194932,-2001460.0
18632,803234,-1681740.0
18657,804011,-1271720.0
18692,489166,-5764908.0
18789,773607,-1049914.0
18920,808954,-1908616.0
18928,192102,-1067348.0
18969,809817,-1063960.0
18984,381249,-1153892.0
19256,218444,-2060844.0
19302,193294,-2288466.0
19312,814507,-4162472.0
19366,158934,-1114796.0
19402,807308,-2882028.0
19458,211472,-9397012.0
19476,439306,-4137252.0
19486,166098,-1941630.0
19541,817248,-4053868.0
19546,313494,-2537100.0
19547,349044,-1490976.0
19552,434585,-1403164.0
19554,434002,-2406928.0
19573,235068,-7494552.0
19580,152766,-2865076.0
19600,817597,-1257824.0
19624,112472,-2641904.0
19629,406532,-1081672.0
19644,455532,-1556740.0
19645,322740,-1165496.0
19652,805045,-2031388.0
19670,188436,-2088112.0
19697,818454,-1081556.0
19711,381565,-1231560.0
19743,770006,-1349936.0
19746,218313,-2167820.0
19750,356270,-2660928.0
19821,415646,-2899488.0
19832,645071,-2526136.0
19870,734833,-1875088.0
19928,210749,-1237800.0
19981,765730,-1778796.0
20008,259350,-7721304.0
20028,242390,-1398000.0
20045,821215,-5364116.0
20098,265488,-1068769.0
20123,298906,-1711078.0
20345,228716,-1216584.0
20605,371485,-1003252.0
20621,328375,-2149254.0
20623,372319,-4826064.0
20668,347933,-2257280.0
20735,818636,-3589328.0
20758,50520,-2950560.0
20959,121013,-1298400.0
20973,189307,-1858684.0
21056,828880,-1047476.0
21124,829489,-1586472.0
21169,822916,-1257684.0
21309,828870,-1290624.0
21524,75606,-1286013.0
21941,646672,-3298064.0
21988,835255,-6964908.0
22014,375865,-1353056.0
22016,835820,-1140608.0
22020,54120,-1497968.0
22157,325892,-4469322.0
22159,224189,-1266760.0
22160,830648,-1779850.0
22161,836764,-4868448.0
22183,138720,-1120798.0
22233,652130,-15343132.0
22249,819023,-25077480.0
22271,820544,-1184546.0
22272,838893,-8498092.0
22279,15682,-1689160.0
22313,799746,-1794668.0
22327,813508,-1182924.0
22352,821594,-1195988.0
22375,285796,-1083368.0
22484,834692,-4030780.0
22491,396030,-1458800.0
22499,434808,-2876640.0
22511,842456,-1003860.0
22526,842594,-1652740.0
22544,591556,-3056604.0
22564,840416,-1054324.0
22576,101780,-2764346.0
22608,771564,-2068700.0
22656,157294,-5412548.0
22707,845430,-1041100.0
22715,832681,-1664608.0
22716,845477,-1787704.0
22741,845666,-2845688.0
22752,841882,-1066424.0
22819,842307,-1341428.0
22828,847403,-1210660.0
22872,286548,-2363976.0
22902,784617,-3309252.0
22906,188340,-3311124.0
22946,201300,-1986532.0
22968,818229,-7788368.0
22985,847414,-4348768.0
23024,266655,-1008932.0
23065,294794,-1939748.0
23107,224885,-1448076.0
23130,396113,-1104056.0
23135,314743,-1581536.0
23145,104788,-1323544.0
23238,357384,-2464740.0
23267,164779,-1151312.0
23368,315406,-14751376.0
23379,446240,-2779666.0
23485,407422,-1431460.0
23545,595919,-2666012.0
23612,599897,-4246752.0
23704,602248,-1165172.0
23730,326362,-2169248.0
23835,607925,-1642920.0
23947,608084,-2995244.0
23965,137963,-1044156.0
23974,11209,-3804814.0
23979,435004,-2589372.0
23984,365967,-1085792.0
24010,473469,-1076100.0
24184,569229,-1034108.0
24200,125614,-1210068.0
24204,612610,-1916904.0
24350,207830,-1555464.0
24446,160105,-2134256.0
24459,615003,-4700444.0
24517,615459,-1672316.0
24539,577039,-1095576.0
24608,378277,-1808580.0
24696,163645,-3262428.0
24716,615235,-5989140.0
25132,617124,-28370612.0
25220,415272,-8606980.0
25255,156687,-1328432.0
25343,221469,-1206732.0
25429,623386,-1479844.0
25432,340326,-1731652.0
25447,522799,-2048456.0
25461,624881,-4075624.0
25552,226796,-4211584.0
25722,628764,-1335688.0
25771,223367,-2215520.0
25776,327896,-1477800.0
25823,333594,-1044616.0
25909,629473,-1554332.0
25923,487032,-1805426.0
25970,236768,-3966188.0
25984,609595,-2947408.0
26035,602628,-5601432.0
26062,620713,-3153808.0
26069,632802,-1230124.0
26098,633067,-1484764.0
26105,598288,-1166640.0
26275,314133,-2276232.0
26420,633644,-1029104.0
26448,637620,-1437776.0
26488,638261,-2361336.0
26666,639945,-3139316.0
26743,448769,-3307976.0
26882,228857,-3998952.0
26914,207524,-3096676.0
27008,327533,-2484824.0
27044,644164,-1115824.0
27059,604732,-1563340.0
27074,298569,-1990832.0
27083,644452,-4180980.0
27110,254493,-1991812.0
27158,211258,-1234696.0
27197,630478,-3954884.0
27243,484499,-1110320.0
27310,622418,-1422076.0
27331,647272,-6828292.0
27459,648378,-1196760.0
27562,634869,-1157376.0
27569,414079,-2670820.0
27622,110208,-2059176.0
27732,220527,-1421008.0
27907,185794,-2034912.0
27938,652002,-1135828.0
27982,652224,-2244728.0
28018,247929,-9529524.0
28055,338306,-3605048.0
28068,492439,-2372880.0
28105,652227,-1652572.0
28121,603209,-1781992.0
28192,146446,-1208764.0
28221,653259,-2646756.0
28350,252691,-2242520.0
28365,654967,-1371496.0
28529,653317,-3550732.0
28539,656490,-4857340.0
28860,659803,-1524428.0
28906,170401,-1261256.0
28928,148694,-4052088.0
28992,448047,-1641220.0
29068,662230,-1031552.0
29311,5383,-1609476.0
29337,303924,-2031374.0
29396,665012,-1721336.0
29526,666949,-1229592.0
29629,667935,-1823742.0
29635,31285,-5864344.0
29664,666298,-1155904.0
29720,650794,-16034036.0
29775,669191,-2859956.0
29784,666648,-2644836.0
29803,669136,-2033764.0
29918,392791,-1093884.0
29941,669792,-1212360.0
30059,670505,-2958060.0
30124,659822,-1193908.0
30176,673900,-1534828.0
30189,673944,-16669280.0
30236,92158,-1416256.0
30419,314706,-2768384.0
30567,125178,-1235744.0
30631,679602,-1391632.0
30696,387681,-10793268.0
30771,503129,-1262936.0
30834,350127,-1372784.0
30940,683101,-1092600.0
30971,455000,-2433552.0
31104,684613,-3231480.0
31136,31866,-1936000.0
31193,612729,-1804552.0
31276,686233,-2190544.0
31408,97299,-1260184.0
31489,688435,-1168228.0
31644,692178,-1363916.0
31771,70379,-1409696.0
31775,194137,-7458833.0
31813,1604,-1027752.0
31819,433988,-2243466.0
31834,653342,-2698882.0
31856,714253,-1685144.0
31862,399690,-2550540.0
31886,789889,-1005252.0
31905,817286,-13643980.0
31913,824682,-4081148.0
31998,167451,-1846094.0
32026,54069,-1083560.0
32170,216640,-1718670.0
32228,522818,-4246820.0
32257,51903,-2193996.0
32285,186955,-1087180.0
32315,535105,-1498424.0
32340,68877,-1537132.0
32358,619571,-1068481.0
32369,201602,-1748522.0
32392,650310,-1314348.0
32499,687448,-1663396.0
32504,80891,-2032836.0
32518,397381,-1723424.0
32532,620033,-3594813.0
32540,262254,-3379577.0
32567,601970,-2376764.0
32575,715367,-1905212.0
32609,719401,-3052468.0
32615,421404,-1720038.0
32641,730750,-1009664.0
32730,720253,-1406262.0
32737,761888,-1258266.0
32753,136507,-1420704.0
32768,91937,-1072320.0
32778,194034,-1701816.0
32806,473743,-2354460.0
32815,587802,-4055548.0
32830,536705,-1088832.0
32832,113654,-2593080.0
32835,607501,-2434214.0
32901,652877,-3801636.0
32931,447729,-2174188.0
32945,616130,-1630408.0
32949,333367,-1218424.0
32958,104994,-2899604.0
33019,707415,-10054992.0
33027,672081,-3654200.0
33080,306271,-4802352.0
33107,728515,-1830116.0
33171,697163,-1413772.0
33177,364599,-1556792.0
33180,752960,-1805996.0
33186,750581,-1234128.0
33212,103401,-1186928.0
33299,426647,-2338560.0
33315,331218,-2071460.0
33386,239376,-1187600.0
33442,780187,-1370840.0
33445,734729,-40316292.0
33489,806275,-1380388.0
33495,783756,-1321228.0
33496,812782,-3073072.0
33527,818045,-1308779.0
33531,817345,-1782500.0
33535,719230,-1441016.0
33546,820252,-5226384.0
33572,819962,-1634132.0
33574,821733,-2244528.0
33578,822642,-1174936.0
33608,65588,-8990784.0
33609,826385,-2869112.0
33614,325014,-1562648.0
33715,499215,-1447752.0
33756,537903,-1233406.0
33761,540542,-1099308.0
33849,198823,-2569440.0
33929,618526,-3984857.0
33999,251293,-2403876.0
34174,188010,-3377940.0
34227,573868,-1307232.0
34246,495624,-4395740.0
34548,363812,-1055924.0
34568,316822,-1895944.0
34660,70449,-1019216.0
34662,509345,-1049152.0
34683,405480,-1594304.0
34733,231191,-1313112.0
34754,256144,-1033556.0
34779,157694,-2538904.0
34782,512266,-1761832.0
34847,512262,-6790968.0
34865,347609,-2450280.0
34896,99104,-1019000.0
34935,25633,-1703016.0
34998,495596,-4560380.0
35155,330663,-2304604.0
35217,85414,-3577960.0
35225,191163,-1587088.0
35331,532262,-1602280.0
35349,533198,-1016344.0
35405,535151,-1018152.0
35479,395578,-3000480.0
35492,423291,-2389328.0
35560,144574,-2049000.0
35575,105088,-1203132.0
35758,90393,-1193028.0
35778,134914,-2235444.0
35829,481347,-3783388.0
35850,550617,-1400272.0
35851,58986,-1941332.0
35870,383259,-1242812.0
35874,222207,-2269492.0
35907,193166,-1769944.0
36013,478482,-1262940.0
36018,554018,-10547804.0
36049,72656,-2361912.0
36067,461365,-1256868.0
36070,23650,-1465432.0
36161,373567,-1085852.0
36290,443736,-1069376.0
36312,104398,-3298324.0
36430,365597,-1667436.0
36468,570540,-1682416.0
36483,571785,-1931728.0
36492,342437,-1140236.0
36553,285515,-1145416.0
36626,375078,-1241792.0
36631,575483,-3254064.0
36675,218554,-3013684.0
36726,109745,-5156128.0
36727,513027,-1115516.0
36742,581795,-1184992.0
36772,583042,-1748136.0
36859,34089,-1363456.0
37006,211420,-6966448.0
37133,593625,-1201176.0
37136,538633,-1945288.0
37199,75320,-1984416.0
37209,70838,-1353440.0
37236,595691,-2117264.0
37242,14494,-1548348.0
37311,598097,-5540590.0
37394,698266,-1391710.0
37400,699867,-2497576.0
37425,700702,-2796836.0
37438,701086,-1442884.0
37482,661254,-1024420.0
37498,703602,-1209392.0
37530,704684,-1431420.0
37576,703703,-1592944.0
37604,707805,-1532108.0
37693,554130,-1105468.0
37754,422589,-1312588.0
37870,715895,-1193888.0
37900,60491,-1490400.0
37943,222949,-2316468.0
37947,706314,-3219376.0
37953,719567,-4022776.0
37960,360063,-1433328.0
37978,193312,-1508908.0
37990,720936,-1904472.0
37997,51954,-2828700.0
38056,722297,-1309380.0
38058,722649,-1735248.0
38081,654912,-2296872.0
38177,115446,-7184840.0
38236,727456,-1191560.0
38264,151143,-1000389.0
38398,732532,-5499084.0
38445,731297,-2148692.0
38454,734559,-2831840.0
38461,609851,-1004664.0
38477,735029,-1670132.0
38519,735947,-1094400.0
38601,296614,-1727058.0
38712,640638,-3333456.0
38763,189388,-2168224.0
38765,745346,-1497518.0
38771,719349,-1033208.0
38797,710453,-3569476.0
38807,747106,-1001068.0
38825,245090,-2008432.0
38828,270863,-5298684.0
38856,472215,-7846740.0
38884,187492,-1882524.0
38919,711875,-4936640.0
38940,356780,-1241100.0
38956,267097,-3199708.0
39002,692574,-1830700.0
39010,751947,-1163948.0
39035,751269,-1707652.0
39039,711176,-1846436.0
39066,192466,-3219664.0
39089,70426,-1245860.0
39113,270313,-2179252.0
39228,750830,-1388576.0
39302,446682,-5440194.0
39547,190258,-2835824.0
39602,569983,-1905316.0
39627,767180,-1284892.0
39640,550679,-1146988.0
39706,613790,-4916028.0
39787,770795,-1189856.0
39822,197840,-1098136.0
39993,775050,-2227696.0
40037,776082,-1715592.0
40185,778938,-6265340.0
40251,460998,-1804030.0
40261,81506,-1158818.0
40345,774749,-1171496.0
40421,389488,-1014488.0
40433,34031,-6805220.0
40591,170926,-1630200.0
40617,334052,-2034494.0
40632,777296,-2093596.0
40666,788476,-8978228.0
40669,787305,-1124568.0
40721,999,-2076948.0
40742,783686,-1338334.0
40753,784510,-2525165.0
40773,78952,-1490802.0
40786,600783,-2754368.0
40801,790873,-2417480.0
40819,540970,-1133644.0
40841,52889,-1255585.0
40842,617728,-2719256.0
40843,120374,-1336436.0
40874,791533,-2468832.0
40886,764345,-6671628.0
40914,398555,-1168814.0
40927,791174,-2063212.0
41006,777810,-2222156.0
41017,485467,-2105556.0
41074,797929,-1069968.0
41080,586455,-1555618.0
41106,252643,-1126700.0
41113,609303,-4617548.0
41162,209672,-1303796.0
41237,717264,-7590492.0
41261,107992,-1155768.0
41311,657473,-1311200.0
41356,807624,-2811836.0
41398,370528,-1963865.0
41406,710003,-1983832.0
41418,806600,-3853764.0
41425,663108,-1901264.0
41439,509583,-21272168.0
41515,794963,-1522752.0
41541,143350,-1218820.0
41547,810024,-1043956.0
41554,811883,-2257396.0
41577,176697,-4963252.0
41585,250942,-1260040.0
41594,113940,-2568712.0
41601,814350,-1121580.0
41604,225589,-3783111.0
41623,327471,-1153960.0
41627,92920,-4296396.0
41674,82339,-1250882.0
41681,252394,-3185156.0
41688,121196,-4239920.0
41696,815600,-1911424.0
41709,103351,-1516340.0
41725,240528,-2272340.0
41734,224303,-1794548.0
41735,12273,-1215365.0
41749,219507,-1187052.0
41753,794822,-1647080.0
41839,774510,-1458016.0
41870,812881,-1124424.0
41891,816078,-1846128.0
41963,822023,-2327152.0
41990,810834,-2953184.0
42022,823693,-1574680.0
42117,822658,-1073636.0
42146,237821,-1153520.0
42160,825288,-1024176.0
42186,780462,-1965152.0
42213,312186,-4654716.0
42231,798493,-1358859.0
42234,808663,-4243564.0
42242,775498,-1887210.0
42281,526343,-1023812.0
42368,795080,-2729622.0
42385,822588,-2415286.0
42394,266716,-5327608.0
42445,235727,-1142448.0
42464,366108,-1701628.0
42474,58645,-1618664.0
42496,836106,-3331942.0
42505,742893,-1061912.0
42529,314527,-2410848.0
42551,641782,-3314640.0
42563,67828,-1052868.0
42566,828640,-1920596.0
42614,263124,-1212832.0
42625,717502,-1236024.0
42654,840714,-2036904.0
42659,819108,-1344166.0
42712,842232,-4712464.0
42716,842009,-2403876.0
42728,832205,-4455048.0
42760,643402,-2285552.0
42762,619352,-3288232.0
42766,843919,-3373756.0
42767,64277,-13308292.0
42796,839100,-1304824.0
42798,834019,-1602212.0
42824,773390,-1116878.0
42825,278197,-3713948.0
42855,80992,-1201236.0
42858,845999,-1254252.0
42859,403161,-8532578.0
42868,779870,-2769840.0
42878,754915,-3889964.0
42883,820514,-1072076.0
42887,845574,-2094624.0
42898,151043,-1065760.0
42900,847395,-1579056.0
42922,589628,-8363436.0
42931,319259,-1339092.0
42984,647273,-1104744.0
43024,349533,-1769936.0
43037,260912,-3404292.0
43042,227657,-9322052.0
43199,605175,-1362212.0
43215,439646,-2759992.0
43291,252769,-1825696.0
43448,375098,-1321544.0
43504,361921,-4321832.0
43531,423393,-1058084.0
43565,616628,-2039248.0
43632,606295,-1819540.0
43720,623857,-1910468.0
43740,179342,-18644528.0
43752,568891,-6191688.0
43759,195351,-1181976.0
43774,50488,-1015406.0
43782,369126,-1796912.0
43794,520364,-4513612.0
43883,630773,-2950592.0
43918,501923,-1120688.0
43959,445518,-2667924.0
44018,635536,-4982664.0
44101,634391,-1275584.0
44111,345191,-1190204.0
44153,637855,-2081976.0
44159,374592,-2070000.0
44178,65533,-2640728.0
44186,446417,-15381880.0
44274,639874,-1899356.0
44288,55639,-12000400.0
44296,239084,-1071088.0
44306,392669,-1493336.0
44338,314587,-1753476.0
44374,646940,-1004412.0
44378,195536,-3038048.0
44458,640419,-1073820.0
44466,320052,-1241872.0
44467,231449,-1309564.0
44488,650510,-1303880.0
44509,105805,-1102512.0
44552,622993,-1218084.0
44772,123220,-1256116.0
44781,183482,-4377408.0
44821,331323,-2397420.0
44962,644422,-3491488.0
44963,644427,-2628572.0
45064,345109,-2152683.0
45094,675464,-2617268.0
45124,272106,-10928124.0
45237,683608,-1364984.0
45349,423390,-1590344.0
45482,431225,-1197124.0
45599,595436,-5986612.0
45601,328430,-1341853.0
45629,442829,-1308088.0
45662,333762,-1157120.0
45685,116824,-4560464.0
45694,464909,-2204404.0
45706,96677,-1270508.0
45732,608864,-1081316.0
45766,567477,-3968388.0
45784,289662,-1644892.0
45786,187160,-1056532.0
45799,535414,-2026224.0
45802,340295,-1263648.0
45816,269089,-3389678.0
45841,705312,-1645528.0
45879,752884,-2075361.0
45888,477345,-2667040.0
45891,54134,-1159500.0
45902,115902,-1225712.0
45908,62840,-3610476.0
45911,502473,-1216376.0
45925,323720,-1140080.0
45926,521765,-1370196.0
45944,298485,-1736416.0
45945,491710,-1345750.0
45955,209163,-1942928.0
45957,77313,-1391132.0
45984,443412,-7409634.0
45994,389805,-1336996.0
45996,290107,-2192624.0
46003,590695,-3731708.0
46005,275969,-1137531.0
46009,50776,-1570788.0
46013,64442,-1958732.0
46026,206050,-2067624.0
46034,609896,-3451624.0
46037,613498,-4939344.0
46039,611778,-1071744.0
46042,396488,-2055540.0
46057,615816,-19525156.0
46072,632381,-1307856.0
46076,636212,-1538536.0
46087,171693,-3401656.0
46088,180682,-1170692.0
46101,225387,-6123780.0
46102,651998,-1095224.0
46109,383252,-1936724.0
46111,484444,-1372896.0
46116,60341,-3308336.0
46117,218654,-1266348.0
46118,213108,-1129524.0
46119,237217,-1372580.0
46122,664646,-1521252.0
46125,219200,-2820776.0
46132,338672,-1549596.0
46144,172206,-2275204.0
46154,364939,-2475768.0
46199,410749,-3691144.0
46200,210532,-1455496.0
46202,86644,-1360810.0
46204,353362,-1135136.0
46205,345452,-1007184.0
46208,646363,-1049964.0
46212,142263,-2055600.0
46213,421605,-1678238.0
46214,421443,-1725878.0
46254,716409,-8743224.0
46255,753146,-4973720.0
46257,753296,-8383852.0
46269,760777,-2329544.0
46273,153592,-4660832.0
46285,381967,-3501950.0
46291,241557,-5760772.0
46295,770460,-1553346.0
46298,769408,-1732026.0
46309,440874,-1823892.0
46324,777709,-1205152.0
46336,786679,-4319600.0
46338,248621,-1085546.0
46358,93162,-4311664.0
46359,255653,-1308388.0
46360,762496,-2257232.0
46371,784264,-5057760.0
46372,642366,-1399032.0
46374,326427,-1072076.0
46393,633931,-1525980.0
46397,62280,-1185446.0
46399,214161,-3203224.0
46402,320124,-4256036.0
46404,363977,-1658552.0
46405,227084,-4737688.0
46412,822168,-5480100.0
46413,727749,-1106388.0
46416,295372,-3637812.0
46443,250252,-1446540.0
46454,108293,-2538968.0
46477,365030,-2411096.0
46493,569221,-1113768.0
46503,2397,-1463988.0
46519,567559,-1551710.0
46521,169237,-1102854.0
46568,609888,-1630264.0
46578,584404,-1627202.0
46582,172836,-1181304.0
46600,634276,-4607672.0
46658,57024,-1410828.0
46758,208699,-4665592.0
46764,501670,-5699448.0
46786,75576,-1101960.0
46834,195421,-1275404.0
46869,510499,-2691960.0
46879,508022,-3451950.0
46884,148030,-1836484.0
46899,336467,-2974294.0
46926,479456,-1327080.0
46940,477423,-1503660.0
46983,448308,-2517212.0
47048,399493,-3088466.0
47068,436330,-1189072.0
47072,27045,-10067160.0
47085,235104,-2150532.0
47178,545528,-2092124.0
47196,547146,-1002676.0
47237,55038,-1078536.0
47240,551713,-8772540.0
47274,535076,-2149224.0
47403,17645,-1069128.0
47427,531147,-3179204.0
47493,554844,-2354468.0
47547,154621,-2048600.0
47583,535337,-2924132.0
47584,119170,-1705756.0
47594,8309,-2032368.0
47606,549198,-4608488.0
47619,556055,-2067873.2
47662,32505,-1011884.0
47663,576942,-3212764.0
47711,126458,-1271396.0
47721,381294,-1104088.0
47722,544504,-1138684.0
47764,438455,-1307840.0
47875,650331,-1487628.0
47909,487818,-1957532.0
47960,445808,-1095048.0
47965,205573,-1391472.0
48050,694377,-1696744.0
48091,703634,-2675490.0
48125,683067,-1828896.0
48143,712262,-1189644.0
48151,155457,-1353292.0
48159,310655,-3988252.0
48190,703838,-7311232.0
48200,713422,-1139648.0
48247,86287,-2230348.0
48283,51585,-2048492.0
48298,1810,-1317388.0
48407,751514,-1014924.0
48409,720388,-1205436.0
48418,65678,-1327664.0
48430,756916,-2575100.0
48456,431475,-2082718.0
48494,235681,-1828468.0
48502,426809,-1548210.0
48525,62154,-3051492.0
48537,206865,-1102308.0
48546,111031,-2253060.0
48548,107198,-2385452.0
48558,212541,-1457896.0
48581,229518,-1521164.0
48592,98578,-3156844.0
48595,548459,-1413064.0
48602,475506,-1486780.0
48603,315488,-1997992.0
48604,272366,-2402136.0
48612,88086,-3015708.0
48634,398434,-1256080.0
48639,197580,-1335888.0
48658,328564,-2617420.0
48667,583923,-1014092.0
48677,318261,-2508648.0
48689,217422,-5251988.0
48699,593971,-2273640.0
48704,132355,-5326808.0
48716,364252,-1441628.0
48724,515667,-1747500.0
48749,249749,-2503520.0
48755,618658,-3435520.0
48770,623026,-1505728.0
48774,93091,-1620224.0
48801,636069,-5573680.0
48835,532727,-1671040.0
48837,613926,-1424176.0
48852,71092,-1259278.0
48856,251615,-1975600.0
48860,634498,-1209460.0
48861,654056,-1269852.0
48870,657925,-2602132.0
48872,71336,-5245864.0
48898,192832,-1184790.0
48946,104852,-1443148.0
48955,610071,-1762968.0
48973,50019,-7225296.0
48999,709270,-1848876.0
49012,79256,-1489640.0
49124,229526,-2637882.0
49125,749125,-1351552.0
49126,59760,-1921784.0
49144,745255,-1170496.0
49147,740694,-1792716.0
49243,635585,-53095784.0
49247,327641,-1963762.0
49250,377490,-1537154.0
49285,758708,-1496490.0
49289,770948,-6104868.0
49293,771884,-3424904.0
49301,391931,-2948856.0
49303,771457,-1209952.0
49316,773428,-1164172.0
49328,95941,-1014700.0
49345,508521,-1960296.0
49367,270886,-1456628.0
49406,780030,-4324096.0
49418,383062,-5786202.0
49466,206250,-2014076.0
49467,249175,-2979564.0
49470,383577,-4014000.0
49477,686674,-2079968.0
49483,787012,-1040908.0
49488,776886,-1067036.0
49492,787553,-2555880.0
49495,787558,-1755704.0
49498,787935,-2053356.0
49503,788073,-2005736.0
49513,788514,-1170276.0
49515,306449,-1332580.0
49516,788789,-8348764.0
49525,769612,-1279204.0
49529,783969,-1456728.0
49574,68270,-2587640.0
49582,793551,-3021914.0
49638,151989,-24857408.0
49649,211235,-1557552.0
49722,154522,-2044816.0
49736,79860,-1278384.0
49759,776335,-9103432.0
49795,665761,-2232396.0
49804,270473,-2688988.0
49806,826301,-6073836.0
49822,169171,-11297864.0
49824,65046,-1505464.0
49835,649252,-5506360.0
49841,338720,-1200586.0
49845,828689,-1202544.0
49864,837423,-1511346.0
49879,369846,-4446220.0
49880,841694,-1915652.0
49893,845554,-1385644.0
49896,722605,-36504800.0
49903,492787,-1143144.0
49910,478365,-1489296.0
49913,501651,-1304348.0
49920,432926,-1093660.0
49928,334558,-1842060.0
49930,211201,-1527776.0
49938,6485,-1486262.0
49969,308933,-1307880.0
50025,329818,-1039784.0
50083,448054,-3160310.0
50117,222069,-1213604.0
50127,436230,-2343816.0
50138,245509,-1817200.0
50160,480955,-1557874.0
50163,575836,-3129432.0
50274,588038,-5280864.0
50282,593651,-1612956.0
50322,257738,-2783240.0
50323,568158,-1076571.0
50431,597053,-2557576.0
50445,314820,-1593380.0
50484,411807,-1396072.0
50486,63282,-2252524.0
50495,614312,-1777484.0
50531,617972,-1758578.0
50658,215470,-1030768.0
50660,635561,-3626884.0
50703,205205,-1117318.0
50824,140722,-6385048.0
50871,660814,-1505304.0
50900,353400,-5246276.0
50960,654335,-1231756.0
50966,676586,-1016932.0
51021,228390,-3644796.0
51029,213987,-1190924.0
51035,246951,-1798285.0
51036,644961,-6797720.0
51043,515793,-2174420.0
51046,485893,-3662096.0
51048,442978,-1953648.0
51054,369871,-5685640.0
51061,204481,-1843824.0
51070,755347,-1588574.0
51071,760304,-4287616.0
51107,419559,-1853736.0
51184,61931,-1288196.0
51195,347622,-1637112.0
51197,420145,-1877652.0
51255,190420,-3753696.0
51294,96518,-6982212.0
51462,554101,-1083724.0
51519,396623,-1471040.0
51532,212996,-1936596.0
51606,74775,-1804460.0
51621,54953,-1791210.0
51646,116313,-1807532.0
51712,587972,-1625892.0
51779,597117,-2944022.0
51887,707762,-1153581.0
51947,640639,-1023321.0
51987,620678,-1697872.0
52107,727800,-1233104.0
52135,95446,-2271998.0
52193,745062,-1599592.0
52201,706494,-2760540.0
52210,746921,-1295472.0
52238,114145,-1632716.0
52250,203333,-1438477.0
52265,751053,-3134636.0
52304,102568,-1698788.0
52332,751739,-1810176.0
52336,271970,-1393752.0
52340,73599,-4848160.0
52346,202543,-3748364.0
52359,346108,-3421806.0
52453,482190,-10212188.0
52484,248320,-5253410.0
52598,739657,-1890820.0
52625,762224,-5637498.0
52653,356696,-2349760.0
52674,115506,-1483028.0
52702,169676,-3327605.0
52706,785175,-1230908.0
52717,785886,-1957768.0
52719,449649,-1092188.0
52761,90323,-1063202.0
52798,71185,-1103384.0
52884,802940,-1265848.0
52891,373539,-2241792.0
52931,787755,-3674532.0
52951,166582,-3703960.0
53027,137552,-2111164.0
53039,700869,-4449828.0
53058,817938,-5431452.0
53078,70629,-2542988.0
53110,825037,-1836884.0
53126,825624,-2246620.0
53127,87362,-1762568.0
53132,819133,-1233808.0
53160,308685,-1914258.0
53170,178079,-2849060.0
53190,193901,-1265054.0
53203,621646,-2388540.0
53204,831514,-4835679.0
53210,828187,-1013300.0
53232,835494,-1858220.0
53238,836115,-1448220.0
53242,658528,-2523644.0
53249,824631,-7047336.0
53250,836909,-1918180.0
53258,788191,-2885824.0
53259,796931,-1347940.0
53270,184224,-2605248.0
53274,441137,-1752688.0
53295,57584,-2023048.0
53331,122230,-1228960.0
53334,832306,-1426136.0
53339,831850,-1074616.0
53344,313922,-1471244.0
53366,599923,-1086940.0
53438,16646,-1114772.0
53479,87816,-2754892.0
53523,346915,-1746728.0
53560,581042,-2772204.0
53570,50724,-1442720.0
53623,635728,-1410692.0
53630,636487,-2327348.0
53656,429771,-3549458.0
53710,392620,-2193332.0
53737,613672,-1367624.0
53842,97877,-1707744.0
53956,590777,-8051061.0
53984,90017,-1259592.0
53996,564215,-1181152.0
54021,42671,-3852520.0
54060,66083,-1785244.0
54085,478587,-6693100.0
54091,403281,-1031808.0
54095,433862,-5234968.0
54114,505487,-4424396.0
54141,132308,-7291814.0
54156,389682,-1088628.0
54165,401848,-1060234.0
54179,409519,-2707444.0
54194,463147,-1359136.0
54239,271610,-2484780.0
54277,65403,-1075216.0
54290,491372,-5229812.0
54291,502406,-1098316.0
54307,262224,-3497888.0
54317,253788,-5120448.0
54345,534251,-2364254.0
54368,59581,-1017320.0
54396,7348,-1443584.0
54397,538118,-1122562.0
54417,482991,-4117564.0
54419,60347,-2517187.0
54425,570742,-1624168.0
54439,227298,-2267448.0
54444,192710,-1207904.0
54452,433493,-6749008.0
54454,233704,-3529692.0
54464,199063,-1424432.0
54498,627715,-4016212.0
54516,586009,-3664640.0
54551,652023,-1339984.0
54553,395498,-2397070.0
54556,366768,-1352276.0
54568,662813,-2685164.0
54570,213814,-2862672.0
54576,87845,-3684416.0
54578,671068,-2618912.0
54611,252544,-3659140.0
54628,709840,-1693716.0
54648,461878,-2520308.0
54652,152876,-1709392.0
54660,248221,-3692968.0
54685,131157,-4487432.0
54705,16877,-1545076.0
54707,116000,-2375632.0
54714,412022,-2173324.0
54719,506124,-5302676.0
54725,321019,-6060060.0
54730,226147,-4172350.0
54733,460364,-1921240.0
54738,404638,-1418017.0
54743,496569,-2374210.0
54748,238039,-3920308.0
54749,422748,-1229708.0
54751,271003,-1804964.0
54758,106957,-1688900.0
54768,479440,-1009932.0
54769,530824,-5698528.0
54782,325973,-10917214.0
54793,55123,-1579290.0
54806,125863,-3653608.0
54807,310656,-1411166.0
54811,341041,-1266558.0
54813,16915,-2981324.0
54816,103308,-4099862.0
54817,17639,-3373256.0
54820,337513,-4917867.0
54827,351869,-2637534.0
54844,462810,-1566040.0
54847,315472,-1954476.0
54849,59368,-1885252.0
54856,561990,-1243876.0
54863,389509,-1443307.0
54864,576835,-1931407.0
54891,589880,-2206324.0
54893,211929,-1256024.0
54896,386616,-8301812.0
54897,388977,-2357156.0
54906,300879,-1379176.0
54908,594623,-8682434.0
54909,328419,-2645644.0
54918,362072,-1467848.0
54922,606815,-2401440.0
54924,606116,-1725594.0
54929,609784,-1381822.0
54932,523701,-18606328.0
54947,322758,-1873224.0
54957,26688,-1544769.0
54965,318466,-1173348.0
54975,634472,-7136862.0
54976,256289,-2012727.0
54981,154124,-2944076.0
54982,516906,-2039718.0
54988,592818,-1748044.0
55010,125256,-2892310.0
55013,468418,-9096624.0
55019,616272,-1379048.0
55020,639260,-4581924.0
55028,263900,-5172684.0
55036,63509,-2148332.0
55038,660195,-2401876.0
55046,345261,-1993788.0
55050,104439,-1826836.0
55078,683069,-1933408.0
55080,248207,-1450040.0
55089,692494,-6049376.0
55093,695976,-9064684.0
55094,267881,-11077544.0
55099,699110,-1250840.0
55100,699784,-5089458.0
55101,243500,-3138166.0
55105,702369,-5102530.0
55112,706485,-2829396.0
55118,269904,-4827812.0
55124,307764,-1074464.0
55126,330207,-6413072.0
55157,726925,-1563352.0
55173,728133,-1004079.0
55175,732285,-1041156.0
55176,206406,-4181700.0
55187,676280,-4425144.0
55189,218285,-3958760.0
55203,551189,-1809648.0
55205,202829,-3731850.0
55209,662258,-3864700.0
55213,749827,-3246014.0
55215,754475,-3135696.0
55223,13974,-1012280.0
55244,764718,-1327528.0
55256,767333,-1433108.0
55268,769462,-1322648.0
55274,771654,-2134880.0
55291,774996,-2718440.0
55296,771043,-2696140.0
55306,778175,-2455908.0
55309,56689,-1773020.0
55315,545486,-1537752.0
55318,782003,-1882508.0
55319,778793,-8956478.0
55328,785818,-3481298.0
55330,786610,-2413392.0
55331,787320,-3114768.0
55334,788840,-3035074.0
55341,56658,-1452376.0
55342,755670,-1225548.0
55348,55171,-6215954.0
55352,606241,-2079528.0
55372,8748,-1260268.0
55373,588227,-3991136.0
55383,770020,-3187500.0
55394,812693,-12386144.0
55395,341171,-1593826.0
55396,807233,-1109806.0
55400,52873,-2519992.0
55404,809835,-1319164.0
55410,121257,-1616304.0
55411,433634,-5011288.0
55423,221975,-1592628.0
55426,351575,-9665320.0
55451,442442,-2283064.0
55462,494150,-2866556.0
55476,230993,-1285824.0
55488,61223,-2759921.0
55494,371886,-1814278.0
55495,519015,-4810756.0
55497,521881,-11352540.0
55512,55847,-1632296.0
55513,8643,-2472441.0
55525,537999,-1033040.0
55554,548194,-1518700.0
55560,552108,-1230120.0
55565,147868,-1100768.0
55574,333352,-1204044.0
55596,188890,-3811356.0
55608,388733,-1431860.0
55612,410095,-4432904.0
55614,269782,-1181604.0
55625,537348,-1808232.0
55635,262519,-10381862.0
55691,455343,-1205100.0
55697,102700,-3382684.0
55739,50839,-1613798.0
55755,571975,-1472082.0
55759,57770,-3509636.0
55766,644435,-2396844.0
55774,519532,-6101588.0
55783,659158,-2622144.0
55787,501488,-18228568.0
55789,84864,-1913042.0
55854,499832,-1049992.0
55970,83675,-1495484.0
55979,13611,-1137120.0
56017,416257,-2433856.0
56037,227642,-1036816.0
56067,210166,-1633952.0
56113,282855,-1829388.0
56133,251288,-1182760.0
56159,38152,-4024080.0
56169,544361,-1241608.0
56179,115565,-1314080.0
56188,137653,-6917080.0
56192,553792,-1787556.0
56200,375251,-1378944.0
56295,404850,-4238032.0
56310,242701,-2378840.0
56314,463028,-1790880.0
56333,470909,-3790628.0
56339,111035,-2060292.0
56366,109986,-3789348.0
56410,232055,-1064408.0
56448,612433,-1130436.0
56450,123950,-1807094.0
56518,64166,-1440820.0
56523,597692,-1123904.0
56528,73533,-3173180.0
56539,227076,-1684604.0
56570,683491,-1456728.0
56577,685727,-1278077.0
56584,250301,-1288344.0
56586,686597,-1635564.0
56592,478812,-1386640.0
56595,198356,-9764604.0
56632,687191,-1680784.0
56638,706642,-1241556.0
56725,728576,-5836936.0
56756,654216,-2062932.0
56757,739468,-1077590.0
56763,414991,-3550568.0
56772,736710,-1434328.0
56789,752467,-1553248.0
56818,116901,-1951368.0
56822,764242,-1388960.0
56837,499904,-2024272.0
56854,455052,-1361060.0
56855,509416,-1073760.0
56880,345850,-1755836.0
56881,71027,-2067511.0
56895,64896,-2210434.0
56898,100818,-1354988.0
56907,453369,-1584250.0
56910,324512,-1259487.0
56913,38616,-1075859.0
56919,474307,-1216902.0
56935,167684,-2607936.0
56942,102036,-1589524.0
56951,385941,-1195080.0
56956,345792,-3713644.0
56957,127070,-2120996.0
56958,382788,-2921360.0
56964,573684,-2086368.0
56968,215369,-1794296.0
56982,250989,-1890876.0
56985,597198,-5067596.0
56994,53464,-4966794.0
56997,610621,-1131532.0
57023,374584,-1296876.0
57056,166452,-1039212.0
57098,207646,-2960252.0
57115,469588,-3802920.0
57133,51186,-1063424.0
57140,6161,-40838303.0
57151,701991,-7099978.0
57174,118110,-1464252.0
57176,173365,-4201728.0
57198,23355,-4142476.0
57213,729788,-7927904.0
57218,730981,-1012648.0
57225,663324,-2899594.0
57237,537716,-11955812.0
57247,741276,-1402353.0
57248,741539,-1130964.0
57253,66589,-1949446.0
57272,356686,-1195368.0
57306,354781,-1016624.0
57325,403385,-2393260.0
57328,167090,-3302294.0
57344,766283,-1784828.0
57372,191066,-1712820.0
57403,618101,-1427720.0
57404,140598,-1366376.0
57418,775470,-1092792.0
57430,769619,-1478086.0
57432,776680,-1025316.0
57449,775183,-1028652.0
57461,778680,-26310736.0
57471,510269,-2450580.0
57496,719715,-6775752.0
57505,781373,-2704553.0
57511,761481,-1017384.0
57534,787860,-1022832.0
57594,793629,-6795464.0
57619,784110,-1098572.0
57622,798461,-2439832.0
57649,804615,-1468900.0
57671,810083,-1085824.0
57681,267073,-1772516.0
57695,805337,-10413788.0
57699,811389,-1526360.0
57718,819541,-1654400.0
57725,817564,-1283784.0
57726,791723,-1109706.0
57745,357877,-4737860.0
57750,826500,-1115836.0
57757,827538,-6312130.0
57765,483153,-2494662.0
57766,106333,-2094928.0
57775,378116,-1068220.0
57785,112069,-2666476.0
57787,754337,-5878908.0
57795,839392,-1636072.0
57796,790806,-2094382.0
57804,844644,-7681578.0
57806,833338,-1262256.0
57807,834349,-1650420.0
57814,847946,-1589676.0
57818,333284,-2399496.0
57829,240855,-1356036.0
57873,342405,-1247864.0
57936,61006,-1725344.0
57954,499096,-3030480.0
57970,304487,-5788184.0
58020,354779,-4453296.0
58022,572566,-2169720.0
58025,573216,-3292756.0
58043,490065,-1376908.0
58053,325603,-1574660.0
58054,588991,-1849518.0
58072,575319,-1643668.0
58077,594751,-3352470.0
58122,607358,-1079644.0
58156,223649,-1779500.0
58230,629075,-1205636.0
58263,638171,-1388764.0
58277,421657,-4852556.0
58284,597965,-2299884.0
58293,337044,-3518536.0
58294,86537,-1343120.0
58296,507379,-1691452.0
58312,415766,-1006948.0
58313,235085,-1458676.0
58342,634165,-1431948.0
58349,656957,-1934784.0
58357,660433,-11976488.0
58379,13541,-1880464.0
58428,360844,-1143358.0
58448,539256,-1304256.0
58457,338077,-1559792.0
58463,609749,-2333276.0
58496,74747,-1738212.0
58499,482286,-3263178.0
58500,97229,-1177844.0
58501,373259,-1683322.0
58507,145297,-2587990.0
58511,135257,-7045928.0
58513,193316,-3848364.0
58514,4133,-2023166.0
58515,370998,-2358669.0
58519,217387,-2160188.0
58524,2136,-4447460.0
58527,217976,-1193512.0
58529,267021,-1912652.0
58535,328690,-2354564.0
58537,345540,-2924124.0
58538,557736,-9995404.0
58545,259834,-1288296.0
58547,247439,-2459760.0
58551,349863,-1504952.0
58554,432155,-1587350.0
58555,171607,-4337918.0
58558,362079,-2250104.0
58560,597600,-2197144.0
58569,598894,-1912787.0
58570,127490,-1370884.0
58573,593891,-7701928.0
58587,46518,-1921200.0
58592,86369,-3713097.0
58598,176095,-1866740.0
58602,219193,-1257116.0
58605,665270,-3426230.0
58616,217806,-2337706.0
58617,686003,-2587036.0
58618,683691,-3164060.0
58619,209265,-4138968.0
58626,707217,-3470724.0
58631,686756,-1314486.0
58639,250390,-1116028.0
58654,454374,-4265976.0
58658,781507,-4056348.0
58666,788621,-2222640.0
58667,820350,-1874138.0
58675,89606,-1429938.0
58679,519804,-1838912.0
58697,431019,-10204300.0
58703,529387,-2240416.0
58712,643896,-4793400.0
58715,163310,-1776516.0
58770,232572,-2567572.0
58785,73642,-3727748.0
58826,197312,-2550036.0
58827,438950,-3255008.0
58861,96942,-1452380.0
58869,469533,-1198546.0
58875,555450,-1441032.0
58952,30318,-1454060.0
58993,82880,-1414224.0
59085,104366,-4844409.0
59102,229210,-1130368.0
59108,764523,-2406892.0
59110,765398,-1037680.0
59159,761942,-2781712.0
59178,780451,-1155596.0
59214,407851,-1037588.0
59229,759980,-1422328.0
59290,100097,-1161942.0
59304,300462,-1398668.0
59354,53086,-1456971.0
59382,830459,-1283086.0
59395,592656,-1373448.0
59401,517174,-4117264.0
59405,834137,-1979464.0
59438,482722,-6567408.0
59516,115289,-1308037.0
59528,135340,-1087888.0
59557,51780,-1017112.0
59565,663100,-1166660.0
59602,670934,-2286984.0
59604,50649,-2184080.0
59632,401211,-4264208.0
59655,451048,-6861516.0
59672,180065,-6315620.0
59679,327860,-2743100.0
59722,132334,-1520283.0
59742,88084,-2822320.0
59775,475919,-2196344.0
59786,143696,-1010398.0
59789,210872,-2313896.0
59800,24962,-2432716.0
59828,491442,-5221640.0
59853,518142,-2616540.0
59858,451453,-1079892.0
59860,524128,-1407816.0
59861,269473,-4258556.0
59863,125363,-1297536.0
59872,51566,-1958936.0
59879,423123,-2799740.0
59895,389865,-3098332.0
59898,549024,-1216552.0
59901,355230,-2628080.0
59910,264529,-1180228.0
59918,45843,-3875148.0
59923,173602,-2293012.0
59926,66497,-1157412.0
59941,82603,-2501440.0
59957,224473,-5946068.0
59969,401593,-1803084.0
59988,60063,-1486972.0
59999,626682,-1837972.0
60034,43408,-1118572.0
60064,611885,-2298580.0
60068,695058,-1221100.0
60079,711194,-2258173.0
60086,627474,-1723627.0
60106,519544,-1794796.0
60111,8348,-1201748.0
60119,76100,-2057760.0
60121,195786,-2308284.0
60124,388216,-4761372.0
60127,431218,-1576452.0
60130,501022,-7401710.0
60134,339620,-1737712.0
60136,464911,-3031872.0
60144,370739,-2203450.0
60149,219981,-1489748.0
60155,116597,-1675252.0
60157,436150,-3854488.0
60158,334331,-1221592.0
60161,495384,-2568596.0
60164,514303,-1487100.0
60165,235373,-2000050.0
60174,41368,-1015908.0
60195,271343,-7340842.0
60215,546370,-1317807.0
60219,109776,-1980556.0
60222,114933,-1009000.0
60223,310666,-1667684.0
60237,244023,-4375604.0
60254,385354,-2032058.0
60259,90275,-1414536.0
60271,73492,-1048984.0
60276,311482,-1560948.0
60287,568637,-2490004.0
60304,508272,-2290228.0
60309,583485,-3154528.0
60335,219494,-5252272.0
60341,105806,-1084269.0
60342,162784,-3568520.0
60349,477230,-1839820.0
60350,287464,-5016052.0
60361,608341,-1574918.0
60381,619831,-2714860.0
60389,619542,-5008802.0
60392,166592,-1738110.0
60398,629085,-17103520.0
60400,252624,-1560072.0
60420,11208,-4228156.0
60421,640048,-1835136.0
60424,644393,-2205720.0
60429,92698,-1764776.0
60430,216257,-2990911.0
60432,404241,-1914516.0
60439,652400,-1677400.0
60444,238801,-2723452.0
60447,659364,-10337088.0
60454,309828,-1589928.0
60466,255135,-1130876.0
60467,672768,-4404660.0
60470,674760,-1683638.0
60477,596228,-2898716.0
60481,45578,-1031076.0
60482,684555,-1856316.0
60483,343035,-1118248.0
60491,688562,-1691216.0
60492,371386,-1283508.0
60511,11291,-1384094.0
60517,574547,-8851034.0
60519,37542,-1559684.0
60530,712961,-8765717.0
60553,720680,-1055220.0
60558,728751,-1080252.0
60578,742548,-1396028.0
60593,240417,-3805628.0
60599,725782,-1219692.0
60601,754021,-1948036.0
60622,559627,-1667836.0
60635,761110,-2723620.0
60641,758238,-1161600.0
60646,761643,-2082880.0
60649,769265,-2314892.0
60671,695312,-8849118.0
60678,36724,-8018134.0
60682,189605,-1240217.0
60688,783370,-1039568.0
60691,65559,-1883748.0
60698,747781,-2646362.0
60702,762392,-7757074.0
60705,787885,-3469262.0
60707,788096,-1358777.0
60709,787936,-1929016.0
60712,380614,-1124304.0
60726,185176,-3265080.0
60733,802038,-3010636.0
60734,267503,-2277772.0
60736,807010,-4667426.0
60740,811485,-2901880.0
60741,812453,-4917472.0
60742,781227,-22062578.0
60743,810871,-1338180.0
60744,371516,-8240784.0
60748,270534,-1694174.0
60751,817496,-5344568.0
60753,737021,-1960332.0
60754,821346,-2218808.0
60755,753929,-2547640.0
60758,822163,-13947168.0
60764,648373,-1969844.0
60769,619536,-2708300.0
60782,495113,-1178800.0
60804,502417,-1805648.0
60834,502609,-2315800.0
60835,384286,-1120448.0
60839,398301,-8634084.0
60845,529962,-1500508.0
60849,61060,-1722940.0
60893,558317,-35964936.0
60901,374515,-11038052.0
60949,1509,-9448508.0
60975,204870,-2051124.0
60979,612385,-4680252.0
60983,182339,-1672802.0
60989,616772,-1410924.0
61008,98384,-1387968.0
61022,378313,-1357884.0
61024,154487,-3883640.0
61027,664080,-21061360.0
61055,474085,-1781476.0
61061,167759,-8688048.0
61117,4664,-2539080.0
61130,116827,-1183116.0
61131,59817,-1594016.0
61141,251130,-2013376.0
61266,100953,-2534605.0
61267,682772,-2595180.0
61329,307783,-3918764.0
61342,219177,-4607540.0
61360,751351,-4434864.0
61367,759725,-2967896.0
61384,249707,-3304128.0
61386,118135,-2105776.0
61391,61492,-1579316.0
61401,224022,-1468800.0
61407,553896,-1556908.0
61412,563635,-1040294.0
61413,103491,-3726464.0
61447,371488,-1252896.0
61448,229470,-1387756.0
61456,117477,-1398572.0
61459,141182,-1064464.0
61476,664201,-1188754.0
61505,67789,-4189748.0
61509,99638,-1962680.0
61520,710095,-3142934.0
61522,138969,-1111928.0
61532,721388,-4620364.0
61549,11440,-1594600.0
61555,296774,-2263096.0
61568,208689,-8143448.0
61582,753753,-1216752.0
61590,57749,-1185040.0
61593,756749,-4905952.0
61596,729527,-3295978.0
61598,759759,-1890652.0
61602,764610,-1411586.0
61611,746701,-2638440.0
61643,774934,-2553788.0
61646,638132,-1975432.0
61666,761165,-6241026.0
61667,520206,-5161158.0
61679,4235,-2719392.0
61705,784879,-6019840.0
61717,100176,-2379204.0
61719,787910,-1296836.0
61728,652183,-4485608.0
61733,778263,-2240586.0
61737,539423,-1992980.0
61744,175658,-2281548.0
61745,808594,-1051376.0
61749,811217,-3636976.0
61770,809678,-1090688.0
61779,482117,-1633236.0
61782,818311,-5512846.0
61783,261098,-1252486.0
61789,825504,-2841212.0
61791,675315,-1968172.0
61802,832055,-8264736.0
61811,764203,-1637304.0
61812,845086,-3932836.0
61818,425732,-5260684.0
61858,391193,-1915960.0
61866,340200,-1607152.0
61901,63370,-8784784.0
61909,591793,-1388776.0
61926,66981,-1091744.0
61928,239366,-3157544.0
61940,260096,-7723740.0
61978,435770,-1957640.0
62003,638846,-1410604.0
62009,652563,-3392324.0
62015,370325,-1376292.0
62017,650605,-6214332.0
62022,488737,-2060872.0
62085,105117,-2993170.0
62093,197039,-1260431.0
62109,197112,-10458470.0
62134,368452,-1203036.0
62142,89854,-1641920.0
62156,104762,-3588040.0
62201,636958,-1836522.0
62203,663564,-5261640.0
62204,338195,-1665805.0
62205,658238,-1043864.0
62207,187871,-1361968.0
62209,748199,-1532496.0
62211,55622,-2841778.0
62213,479374,-2963886.0
62216,100248,-1653398.0
62222,375404,-1477508.0
62226,402067,-1648396.0
62247,91322,-1502416.0
62249,74857,-5044860.0
62250,111546,-3817706.0
62262,380964,-4031860.0
62264,116414,-1827410.0
62273,198795,-1057560.0
62274,8768,-27136188.0
62278,528701,-1826418.0
62280,460201,-5015305.0
62294,3972,-1840962.0
62300,235460,-5375808.0
62301,158383,-3713800.0
62305,14007,-28095328.0
62306,130903,-3385106.0
62308,547983,-1431356.0
62309,405551,-1260044.0
62310,104406,-1090624.0
62311,175534,-32244628.0
62312,551115,-1402366.0
62317,118169,-1488626.0
62325,94235,-2283880.0
62328,8953,-3480456.0
62333,572432,-2478040.0
62340,576093,-2630067.0
62344,574132,-1975444.0
62356,98025,-5809687.0
62357,592202,-9381764.0
62359,592577,-1770952.0
62364,590887,-2132950.0
62366,446645,-5985536.0
62367,78341,-2952508.0
62370,165772,-1383806.0
62371,145528,-5119212.0
62372,50612,-1348261.0
62373,451086,-2542494.0
62379,610461,-1577784.0
62383,444899,-2733056.0
62387,619797,-1714068.0
62391,95626,-1582326.0
62392,314932,-2467104.0
62395,459792,-3031532.0
62399,628093,-1430420.0
62402,351273,-1664934.0
62406,638706,-2101492.0
62408,373657,-1572138.0
62409,589493,-27171808.0
62411,434729,-1333836.0
62417,595210,-1618206.0
62419,50953,-1996581.0
62420,228873,-1348816.0
62422,602641,-3149364.0
62423,650889,-2814316.0
62425,217312,-2780118.0
62444,694029,-1946408.0
62449,184800,-1357116.0
62450,362936,-7034828.0
62456,127823,-2798116.0
62457,421611,-2222403.0
62460,508169,-1338635.0
62463,485364,-1121208.0
62469,56997,-1811356.0
62473,549151,-2585782.0
62474,731645,-1195420.0
62477,353709,-1947508.0
62481,50882,-6175392.0
62486,718612,-3022464.0
62490,763063,-5495032.0
62492,108761,-3367928.0
62494,766381,-1454908.0
62499,253863,-11747594.0
62507,85860,-4696108.0
62508,696906,-2029163.0
62509,757541,-3071322.0
62511,800869,-6864142.0
62512,799985,-3149552.0
62514,648126,-3268744.0
62515,70050,-2259880.0
62518,838235,-11039936.0
62522,495705,-3471876.0
62542,2292,-1151044.0
62550,231542,-2067436.0
62559,518696,-2529055.0
62573,225166,-1418522.0
62576,218307,-9148478.0
62577,552779,-2145628.0
62590,577169,-4478068.0
62600,589807,-3025680.0
